"","h 0","h 0.01","h 0.02","h 0.03","h 0.04","h 0.05","h 0.06","h 0.07","h 0.08","h 0.09","h 0.1","h 0.11","h 0.12","h 0.13","h 0.14","h 0.15","h 0.16","h 0.17","h 0.18","h 0.19","h 0.2","h 0.21","h 0.22","h 0.23","h 0.24","h 0.25","h 0.26","h 0.27","h 0.28","h 0.29","h 0.3","h 0.31","h 0.32","h 0.33","h 0.34","h 0.35","h 0.36","h 0.37","h 0.38","h 0.39","h 0.4","h 0.41","h 0.42","h 0.43","h 0.44","h 0.45","h 0.46","h 0.47","h 0.48","h 0.49","h 0.5","h 0.51","h 0.52","h 0.53","h 0.54","h 0.55","h 0.56","h 0.57","h 0.58","h 0.59","h 0.6","h 0.61","h 0.62","h 0.63","h 0.64","h 0.65","h 0.66","h 0.67","h 0.68","h 0.69","h 0.7","h 0.71","h 0.72","h 0.73","h 0.74","h 0.75","h 0.76","h 0.77","h 0.78","h 0.79","h 0.8","h 0.81","h 0.82","h 0.83","h 0.84","h 0.85","h 0.86","h 0.87","h 0.88","h 0.89","h 0.9","h 0.91","h 0.92","h 0.93","h 0.94","h 0.95","h 0.96","h 0.97","h 0.98","h 0.99","h 1"
"c 0",46.6241,46.5122,46.3981,46.2816,46.1628,46.0414,45.9175,45.7908,45.6614,45.5292,45.394,45.2558,45.1145,44.9699,44.8219,44.6705,44.5155,44.3567,44.1941,44.0275,43.857,43.6819,43.5023,43.3181,43.1291,42.935,42.7356,42.5309,42.3204,42.104,41.8815,41.6528,41.4171,41.1744,40.9244,40.6667,40.4009,40.1267,39.8437,39.5518,39.2498,38.9377,38.6148,38.2805,37.9344,37.5761,37.2042,36.8183,36.4176,36.0015,35.5686,35.118,34.6487,34.1598,33.6494,33.1164,32.5596,31.9766,31.3659,30.726,30.0537,29.3475,28.6043,27.8206,26.9939,26.1202,25.1953,24.2145,23.1726,22.0638,20.8812,19.618,18.2648,16.8122,15.2481,13.5595,11.7308,9.7438,7.577,5.2042,2.5887,0.1283,0.014,0.0069,0.0042,0.0026,0.0024,0.0019,0.0013,0.0012,7e-04,5e-04,4e-04,3e-04,3e-04,3e-04,1e-04,1e-04,0,0,0
"c 0.01",46.6182,46.5063,46.3921,46.2756,46.1569,46.0355,45.9115,45.7849,45.6555,45.5232,45.3881,45.2499,45.1085,44.9639,44.816,44.6646,44.5096,44.3508,44.1882,44.0216,43.851,43.6759,43.4964,43.3122,43.1231,42.929,42.7297,42.5249,42.3145,42.0981,41.8755,41.6468,41.4112,41.1685,40.9184,40.6607,40.395,40.1208,39.8378,39.5458,39.2439,38.9317,38.6088,38.2746,37.9285,37.5701,37.1982,36.8123,36.4116,35.9956,35.5626,35.1121,34.6427,34.1539,33.6435,33.1104,32.5536,31.9706,31.3599,30.72,30.0477,29.3416,28.5983,27.8146,26.988,26.1142,25.1893,24.2085,23.1667,22.0578,20.8753,19.612,18.2588,16.8062,15.2421,13.5535,11.7248,9.7378,7.571,5.1982,2.5826,0.1274,0.0148,0.0069,0.0042,0,0,0,0,0,0,0,0,0,0,0,0,0,0,0,0
"c 0.02",46.6003,46.4885,46.3743,46.2578,46.1391,46.0177,45.8937,45.767,45.6376,45.5054,45.3702,45.232,45.0907,44.9461,44.7982,44.6467,44.4917,44.333,44.1704,44.0037,43.8332,43.6581,43.4785,43.2943,43.1053,42.9112,42.7119,42.5071,42.2966,42.0803,41.8577,41.629,41.3933,41.1506,40.9006,40.6429,40.3771,40.1029,39.8199,39.528,39.226,38.9139,38.591,38.2567,37.9106,37.5523,37.1804,36.7945,36.3938,35.9777,35.5448,35.0942,34.6249,34.136,33.6256,33.0925,32.5358,31.9528,31.342,30.7021,30.0298,29.3237,28.5804,27.7967,26.9701,26.0963,25.1714,24.1906,23.1487,22.0399,20.8573,19.5941,18.2409,16.7883,15.2241,13.5356,11.7069,9.7198,7.553,5.18,2.5643,0.1231,0.0145,0.0068,0.0041,0,0,0,0,0,0,0,0,0,0,0,0,0,0,0,0
"c 0.03",46.5707,46.4588,46.3446,46.2281,46.1094,45.988,45.864,45.7374,45.608,45.4757,45.3405,45.2023,45.061,44.9164,44.7685,44.617,44.462,44.3033,44.1407,43.974,43.8035,43.6284,43.4488,43.2646,43.0756,42.8815,42.6822,42.4774,42.2669,42.0505,41.828,41.5993,41.3636,41.1209,40.8709,40.6131,40.3474,40.0732,39.7902,39.4982,39.1963,38.8841,38.5612,38.227,37.8808,37.5225,37.1506,36.7647,36.364,35.9479,35.515,35.0644,34.5951,34.1062,33.5958,33.0628,32.506,31.923,31.3127,30.6723,30,29.2938,28.5506,27.7669,26.9402,26.0665,25.1415,24.1607,23.1189,22.01,20.8274,19.5642,18.211,16.7584,15.1942,13.5057,11.6769,9.6898,7.5229,5.1499,2.5337,0.1165,0.014,0.0067,0.0041,0,0,0,0,0,0,0,0,0,0,0,0,0,0,0,0
"c 0.04",46.5291,46.4173,46.3031,46.1866,46.0679,45.9465,45.8225,45.6958,45.5664,45.4342,45.299,45.1608,45.0195,44.8749,44.7269,44.5755,44.4205,44.2617,44.0991,43.9325,43.7619,43.5868,43.4073,43.2231,43.034,42.8399,42.6406,42.4358,42.2253,42.009,41.7864,41.5577,41.322,41.0793,40.8293,40.5715,40.3058,40.0316,39.7489,39.4566,39.1547,38.8425,38.5196,38.1854,37.8392,37.4809,37.109,36.7231,36.3224,35.9063,35.4733,35.0227,34.5534,34.0645,33.5541,33.0211,32.4643,31.8813,31.271,30.6306,29.9583,29.2521,28.5089,27.7251,26.8985,26.0247,25.0998,24.119,23.0771,21.9682,20.7856,19.5224,18.1691,16.7165,15.1523,13.4638,11.635,9.6478,7.4817,5.1076,2.4918,0.1083,0.0142,0.0065,0.004,0,0,0,0,0,0,0,0,0,0,0,0,0,0,0,0
"c 0.05",46.4758,46.3639,46.2498,46.1333,46.0145,45.8931,45.7691,45.6425,45.5131,45.3808,45.2456,45.1074,44.9661,44.8215,44.6735,44.5221,44.3671,44.2083,44.0457,43.8791,43.7085,43.5334,43.3539,43.1697,42.9806,42.7865,42.5872,42.3824,42.1719,41.9555,41.7332,41.5043,41.2686,41.0259,40.7758,40.5181,40.2523,39.9781,39.6954,39.4032,39.1012,38.789,38.4661,38.1319,37.786,37.4274,37.0555,36.6696,36.2688,35.8528,35.4198,34.9692,34.4999,34.011,33.5006,32.9675,32.4107,31.8277,31.2174,30.577,29.9047,29.1985,28.4553,27.6715,26.8449,25.9711,25.0462,24.0653,23.0234,21.9146,20.7319,19.4687,18.1154,16.6628,15.0986,13.41,11.5811,9.5947,7.4276,5.0542,2.4378,0.099,0.0134,0.007,0.0039,0,0,0,0,0,0,0,0,0,0,0,0,0,0,0,0
"c 0.06",46.4107,46.2988,46.1846,46.0681,45.9494,45.828,45.704,45.5773,45.4479,45.3157,45.1805,45.0423,44.9009,44.7563,44.6084,44.4569,44.3019,44.1432,43.9805,43.8141,43.6433,43.4682,43.2887,43.1045,42.9154,42.7213,42.522,42.3172,42.1067,41.8903,41.668,41.439,41.2033,40.9606,40.7106,40.4528,40.1871,39.9129,39.6301,39.3379,39.0359,38.7238,38.4008,38.0666,37.7207,37.3621,36.9902,36.6043,36.2035,35.7875,35.3545,34.9039,34.4345,33.9457,33.4352,32.9021,32.3453,31.7623,31.152,30.5116,29.8393,29.1331,28.3898,27.6061,26.7794,25.9056,24.9807,23.9998,22.9579,21.849,20.667,19.4031,18.0498,16.5971,15.0329,13.3443,11.5154,9.5289,7.3617,4.9879,2.3716,0.0892,0.0133,0.0067,0,0,0,0,0,0,0,0,0,0,0,0,0,0,0,0,0
"c 0.07",46.3338,46.2219,46.1077,45.9912,45.8725,45.7511,45.6271,45.5004,45.371,45.2387,45.1036,44.9653,44.824,44.6794,44.5314,44.38,44.225,44.0662,43.9036,43.7372,43.5664,43.3913,43.2117,43.0275,42.8384,42.6443,42.445,42.2402,42.0297,41.8133,41.591,41.362,41.1263,40.8836,40.6336,40.3758,40.11,39.8358,39.5531,39.2608,38.9589,38.6467,38.3238,37.9895,37.6437,37.285,36.9131,36.5272,36.1264,35.7103,35.2774,34.8267,34.3574,33.8685,33.3581,32.825,32.2682,31.6851,31.0748,30.4344,29.7625,29.0559,28.3126,27.5288,26.7021,25.8283,24.9033,23.9225,22.8806,21.7716,20.5896,19.3257,17.9723,16.5197,14.9554,13.2667,11.4385,9.4512,7.2846,4.9105,2.2932,0.0796,0.013,0.0063,0,0,0,0,0,0,0,0,0,0,0,0,0,0,0,0,0
"c 0.08",46.2452,46.1333,46.0191,45.9026,45.7839,45.6624,45.5384,45.4118,45.2824,45.1501,45.0149,44.8767,44.7354,44.5908,44.4428,44.2914,44.1363,43.9776,43.8149,43.6485,43.4777,43.3026,43.123,42.9388,42.7497,42.5556,42.3563,42.1515,41.941,41.7246,41.5023,41.2733,41.0376,40.7949,40.5448,40.2871,40.0213,39.7471,39.4643,39.1721,38.8701,38.5579,38.235,37.9007,37.5549,37.1962,36.8243,36.4383,36.0376,35.6215,35.1885,34.7379,34.2685,33.7796,33.2692,32.736,32.1792,31.5962,30.9858,30.3454,29.6735,28.9669,28.2235,27.4398,26.6131,25.7393,24.8143,23.8334,22.7914,21.6825,20.5004,19.2365,17.8837,16.4304,14.8661,13.1774,11.3491,9.3616,7.1949,4.8211,2.2029,0.0708,0.0127,0.0067,0,0,0,0,0,0,0,0,0,0,0,0,0,0,0,0,0
"c 0.09",46.1449,46.033,45.9189,45.8025,45.6836,45.5622,45.4382,45.3115,45.1821,45.0498,44.9146,44.7764,44.6351,44.4905,44.3425,44.1911,44.036,43.8772,43.7146,43.5482,43.3774,43.2023,43.0227,42.8385,42.6494,42.4553,42.2559,42.0511,41.8406,41.6242,41.4019,41.1729,40.9372,40.6945,40.4444,40.1867,39.9209,39.6466,39.3639,39.0716,38.7696,38.4574,38.1345,37.8002,37.4544,37.0957,36.7237,36.3378,35.937,35.5209,35.0879,34.6373,34.1679,33.679,33.1685,32.6354,32.0786,31.4955,30.8852,30.2448,29.5728,28.8661,28.1228,27.339,26.5123,25.6385,24.7135,23.7326,22.6906,21.5816,20.3995,19.1361,17.7828,16.3294,14.765,13.0769,11.2479,9.2611,7.0941,4.7199,2.1005,0.0623,0.0122,0.0063,0,0,0,0,0,0,0,0,0,0,0,0,0,0,0,0,0
"c 0.1",46.0331,45.9212,45.807,45.6907,45.5718,45.4503,45.3263,45.1996,45.0702,44.938,44.8028,44.6645,44.5232,44.3786,44.2306,44.0791,43.9241,43.7653,43.6027,43.4362,43.2655,43.0903,42.9108,42.7265,42.5374,42.3433,42.1439,41.9391,41.7286,41.5122,41.2899,41.0609,40.8252,40.5825,40.3324,40.0746,39.8088,39.5346,39.2518,38.9596,38.6576,38.3453,38.0224,37.6881,37.3422,36.9836,36.6116,36.2256,35.8249,35.4088,34.9758,34.5251,34.0557,33.5668,33.0563,32.5232,31.9663,31.3832,30.7729,30.1324,29.4605,28.7538,28.0105,27.2266,26.3999,25.5261,24.601,23.6201,22.5781,21.4691,20.287,19.0235,17.6701,16.2167,14.653,12.9641,11.135,9.148,6.9808,4.6068,1.9863,0.0554,0.0125,0.0066,0,0,0,0,0,0,0,0,0,0,0,0,0,0,0,0,0
"c 0.11",45.9097,45.7978,45.6837,45.5673,45.4484,45.3269,45.2029,45.0763,44.9468,44.8146,44.6794,44.5411,44.3998,44.2551,44.1072,43.9557,43.8007,43.6419,43.4792,43.3128,43.142,42.9669,42.7873,42.603,42.4139,42.2198,42.0204,41.8156,41.6051,41.3887,41.1664,40.9374,40.7016,40.4589,40.2088,39.951,39.6852,39.411,39.1282,38.8359,38.5339,38.2217,37.8987,37.5644,37.2186,36.8599,36.4879,36.1019,35.7011,35.285,34.852,34.4013,33.9323,33.443,32.9325,32.3993,31.8425,31.2594,30.649,30.0085,29.3366,28.6299,27.8865,27.1026,26.2759,25.402,24.477,23.496,22.454,21.3449,20.1628,18.8993,17.5459,16.093,14.5286,12.8397,11.0112,9.0241,6.8566,4.4819,1.8604,0.0483,0.0118,0.0061,0,0,0,0,0,0,0,0,0,0,0,0,0,0,0,0,0
"c 0.12",45.7749,45.663,45.5488,45.4325,45.3135,45.1921,45.0681,44.9414,44.812,44.6797,44.5445,44.4063,44.2649,44.1203,43.9723,43.8208,43.6658,43.507,43.3443,43.1779,43.0071,42.8319,42.6523,42.4681,42.279,42.0848,41.8855,41.6806,41.4701,41.2537,41.0314,40.8024,40.5666,40.3239,40.0738,39.816,39.5502,39.2759,38.9931,38.7009,38.3988,38.0866,37.7636,37.4293,37.0834,36.7247,36.3527,35.9667,35.5659,35.1498,34.7168,34.2661,33.797,33.3077,32.7972,32.2644,31.7072,31.124,30.5136,29.8732,29.2012,28.4944,27.7511,26.9676,26.1404,25.2665,24.3414,23.3604,22.3184,21.2098,20.0271,18.7636,17.4101,15.9572,14.3927,12.7037,10.8751,8.8878,6.7208,4.3462,1.7222,0.0431,0.0111,0.0064,0,0,0,0,0,0,0,0,0,0,0,0,0,0,0,0,0
"c 0.13",45.6287,45.5168,45.4026,45.2863,45.1673,45.0459,44.9219,44.7952,44.6657,44.5335,44.3983,44.26,44.1186,43.974,43.826,43.6745,43.5195,43.3607,43.198,43.0316,42.8608,42.6856,42.506,42.3217,42.1326,41.9385,41.7391,41.5343,41.3238,41.1073,40.885,40.656,40.4202,40.1774,39.9273,39.6695,39.4037,39.1294,38.8467,38.5544,38.2523,37.9401,37.6171,37.2828,36.9369,36.5782,36.2062,35.8201,35.4196,35.0032,34.5701,34.1194,33.6503,33.161,32.6505,32.1177,31.5604,30.9772,30.3668,29.7263,29.0543,28.3476,27.6042,26.8207,25.9934,25.1195,24.1944,23.2134,22.1713,21.0627,19.8799,18.6164,17.2629,15.8099,14.2453,12.5569,10.7275,8.7407,6.5734,4.1988,1.5724,0.0379,0.0112,0.0058,0,0,0,0,0,0,0,0,0,0,0,0,0,0,0,0,0
"c 0.14",45.4712,45.3593,45.2451,45.1288,45.0098,44.8884,44.7644,44.6377,44.5082,44.3759,44.2407,44.1025,43.9611,43.8164,43.6685,43.517,43.3619,43.2031,43.0406,42.874,42.7032,42.528,42.3484,42.1641,41.975,41.7808,41.5815,41.3766,41.1661,40.9499,40.7273,40.4983,40.2625,40.0197,39.7696,39.5118,39.246,38.9717,38.6889,38.3966,38.0945,37.7823,37.4592,37.1249,36.779,36.4203,36.0483,35.6622,35.2617,34.8453,34.4122,33.9614,33.4923,33.003,32.4925,31.9596,31.4023,30.8191,30.2087,29.5682,28.8962,28.1894,27.4459,26.6625,25.8351,24.9612,24.0361,23.055,22.0129,20.9043,19.7214,18.4579,17.1043,15.6513,14.0872,12.3981,10.5692,8.5815,6.4145,4.0389,1.4105,0.0336,0.0105,0.006,0,0,0,0,0,0,0,0,0,0,0,0,0,0,0,0,0
"c 0.15",45.3026,45.1907,45.0767,44.9601,44.8412,44.7197,44.5957,44.469,44.3395,44.2072,44.072,43.9337,43.7923,43.6477,43.4997,43.3482,43.1931,43.0343,42.8719,42.7052,42.5344,42.3592,42.1796,41.9953,41.8062,41.612,41.4126,41.2077,40.9972,40.781,40.5584,40.3293,40.0936,39.8508,39.6007,39.3428,39.077,38.803,38.5199,38.2276,37.9255,37.6132,37.2902,36.9562,36.6099,36.2512,35.8791,35.4931,35.0926,34.6761,34.243,33.7922,33.3231,32.8338,32.3232,31.7904,31.233,30.6498,30.0394,29.3988,28.7268,28.0199,27.2765,26.493,25.6656,24.7916,23.8664,22.8854,21.8432,20.7346,19.5516,18.288,16.935,15.4813,13.9172,12.2279,10.3989,8.4117,6.2443,3.8684,1.2353,0.0303,0.0097,0.0054,0,0,0,0,0,0,0,0,0,0,0,0,0,0,0,0,0
"c 0.16",45.1228,45.0109,44.8969,44.7804,44.6614,44.5399,44.4159,44.2892,44.1597,44.0274,43.8922,43.7539,43.6125,43.4679,43.3198,43.1684,43.0133,42.8544,42.692,42.5253,42.3545,42.1793,41.9997,41.8154,41.6262,41.432,41.2326,41.0278,40.8172,40.601,40.3784,40.1493,39.9136,39.6708,39.4206,39.1628,38.8969,38.6229,38.3398,38.0474,37.7454,37.4331,37.11,36.776,36.4297,36.071,35.6989,35.3128,34.9123,34.4958,34.0627,33.6119,33.1428,32.6534,32.1428,31.6099,31.0526,30.4693,29.8589,29.2183,28.5462,27.8393,27.0959,26.3123,25.4854,24.6109,23.6857,22.7046,21.6629,20.5537,19.3713,18.1076,16.754,15.3008,13.736,12.0473,10.2181,8.2307,6.0628,3.6872,1.0464,0.0269,0.0098,0.0055,0,0,0,0,0,0,0,0,0,0,0,0,0,0,0,0,0
"c 0.17",44.9321,44.8202,44.7061,44.5896,44.4706,44.3492,44.2251,44.0984,43.9689,43.8366,43.7014,43.5631,43.4217,43.277,43.129,42.9775,42.8224,42.6636,42.5011,42.3344,42.1636,41.9884,41.8087,41.6244,41.4353,41.2411,41.0417,40.8368,40.6262,40.41,40.1874,39.9583,39.7225,39.4797,39.2295,38.9717,38.7058,38.4318,38.1487,37.8563,37.5542,37.2419,36.9188,36.5848,36.2385,35.8797,35.5077,35.1216,34.721,34.3045,33.8713,33.4205,32.9514,32.462,31.9513,31.4185,30.8611,30.2782,29.6673,29.0267,28.3546,27.6481,26.9042,26.1206,25.2937,24.4191,23.4939,22.5132,21.471,20.3617,19.1793,17.9156,16.5618,15.1086,13.5437,11.8549,10.0255,8.0385,5.87,3.4939,0.9033,0.0243,0.009,0.0057,0,0,0,0,0,0,0,0,0,0,0,0,0,0,0,0,0
"c 0.18",44.7305,44.6185,44.5045,44.388,44.269,44.1475,44.0235,43.8967,43.7673,43.6349,43.4997,43.3614,43.22,43.0753,42.9273,42.7758,42.6207,42.4618,42.2993,42.1326,41.9618,41.7866,41.6069,41.4226,41.2335,41.0393,40.8398,40.6349,40.4243,40.2081,39.9855,39.7564,39.5206,39.2778,39.0276,38.7697,38.5038,38.2298,37.9467,37.6543,37.3522,37.0398,36.7168,36.3827,36.0364,35.6776,35.3055,34.9194,34.5188,34.1023,33.6691,33.2183,32.7491,32.2597,31.749,31.2161,30.6587,30.0758,29.4649,28.8246,28.1521,27.4456,26.7016,25.918,25.091,24.217,23.2917,22.3105,21.2682,20.1588,18.9764,17.7126,16.3588,14.9055,13.3411,11.6522,9.8226,7.8354,5.667,3.29,0.7624,0.0224,0.0091,0.005,0,0,0,0,0,0,0,0,0,0,0,0,0,0,0,0,0
"c 0.19",44.5181,44.4064,44.2921,44.1756,44.0566,43.9351,43.811,43.6843,43.5548,43.4225,43.2872,43.149,43.0075,42.8628,42.7148,42.5633,42.4082,42.2495,42.0868,41.9201,41.7492,41.5741,41.3944,41.21,41.0209,40.8267,40.6272,40.4223,40.212,39.9955,39.7728,39.5437,39.3079,39.0651,38.8149,38.557,38.2911,38.017,37.7339,37.4415,37.1394,36.827,36.5039,36.1698,35.8235,35.4647,35.0926,34.7064,34.3059,33.8893,33.4561,33.0056,32.5361,32.0466,31.5359,31.003,30.4455,29.8626,29.2517,28.6114,27.9388,27.2323,26.4882,25.7046,24.8776,24.0035,23.0781,22.0969,21.0545,19.9451,18.7626,17.4988,16.1455,14.6914,13.127,11.4379,9.6089,7.6213,5.4522,3.075,0.5695,0.0203,0.0083,0.0052,0,0,0,0,0,0,0,0,0,0,0,0,0,0,0,0,0
"c 0.2",44.2951,44.1834,44.0691,43.9526,43.8336,43.7121,43.588,43.4613,43.3318,43.1994,43.0642,42.9259,42.7844,42.6397,42.4917,42.3401,42.185,42.0264,41.8637,41.6969,41.5261,41.3509,41.1712,40.9868,40.7976,40.6034,40.404,40.199,39.9887,39.7722,39.5495,39.3204,39.0846,38.8417,38.5915,38.3336,38.0679,37.7936,37.5105,37.218,36.9159,36.6035,36.2804,35.9463,35.6,35.2411,34.869,34.4831,34.0822,33.6656,33.2324,32.7819,32.3123,31.8228,31.3125,30.7792,30.2217,29.6387,29.0277,28.3874,27.7148,27.0083,26.2642,25.4805,24.6534,23.7793,22.8539,21.8726,20.8302,19.7213,18.5381,17.2742,15.9209,14.4674,12.9028,11.2136,9.3843,7.3964,5.2273,2.8487,0.3859,0.0188,0.0085,0,0,0,0,0,0,0,0,0,0,0,0,0,0,0,0,0,0
"c 0.21",44.0616,43.9499,43.8356,43.7191,43.6001,43.4786,43.3545,43.2277,43.0982,42.9659,42.8306,42.6923,42.5508,42.4061,42.2581,42.1065,41.9514,41.7927,41.63,41.4633,41.2924,41.1172,40.9375,40.7531,40.5639,40.3697,40.1702,39.9652,39.7549,39.5384,39.3157,39.0866,38.8507,38.6078,38.3576,38.0997,37.834,37.5597,37.2765,36.9841,36.6819,36.3695,36.0466,35.7122,35.3659,35.007,34.6348,34.249,33.8481,33.4314,32.9982,32.5476,32.078,31.5885,31.0781,30.5448,29.9873,29.4043,28.7933,28.1529,27.4803,26.7737,26.03,25.2458,24.4187,23.5445,22.6191,21.6378,20.5953,19.4864,18.3037,17.0397,15.6857,14.2321,12.6674,10.978,9.1484,7.1608,4.9916,2.6123,0.2333,0.0168,0.0078,0,0,0,0,0,0,0,0,0,0,0,0,0,0,0,0,0,0
"c 0.22",43.818,43.706,43.5918,43.4752,43.3562,43.2347,43.1106,42.9838,42.8543,42.7219,42.5866,42.4483,42.3069,42.1621,42.0141,41.8625,41.7076,41.5487,41.386,41.2192,41.0483,40.8731,40.6934,40.509,40.3198,40.1255,39.926,39.7211,39.5107,39.2942,39.0715,38.8424,38.6065,38.3636,38.1133,37.8554,37.5897,37.3154,37.0322,36.7397,36.4375,36.1251,35.8022,35.4678,35.1214,34.7625,34.3903,34.0045,33.6035,33.1868,32.7535,32.303,31.8334,31.3438,30.8334,30.3,29.7424,29.1595,28.5484,27.908,27.2353,26.5287,25.785,25.0008,24.1736,23.2994,22.3739,21.3925,20.3505,19.241,18.0582,16.7942,15.44,13.987,12.4222,10.7326,8.9028,6.9147,4.746,2.3642,0.136,0.0154,0.0072,0,0,0,0,0,0,0,0,0,0,0,0,0,0,0,0,0,0
"c 0.23",43.5639,43.4519,43.3377,43.2211,43.1021,42.9805,42.8564,42.7297,42.6001,42.4678,42.3325,42.1941,42.0527,41.9079,41.7599,41.6083,41.4533,41.2945,41.1317,40.965,40.794,40.6188,40.4391,40.2547,40.0655,39.8712,39.6717,39.467,39.2563,39.0398,38.8171,38.5879,38.352,38.1091,37.8588,37.6009,37.3352,37.0608,36.7776,36.4851,36.1829,35.8704,35.5476,35.2131,34.8667,34.5078,34.1355,33.7497,33.3487,32.932,32.4987,32.0481,31.5784,31.0888,30.5784,30.045,29.4878,28.9044,28.2932,27.6529,26.9801,26.2734,25.5297,24.7454,23.9182,23.0439,22.1184,21.1369,20.0949,18.9853,17.8025,16.5383,15.1847,13.7309,12.166,10.4769,8.6468,6.6589,4.4891,2.1062,0.0859,0.0144,0.0074,0,0,0,0,0,0,0,0,0,0,0,0,0,0,0,0,0,0
"c 0.24",43.2998,43.1878,43.0735,42.9569,42.8379,42.7164,42.5922,42.4655,42.3359,42.2036,42.0682,41.9299,41.7884,41.6437,41.4956,41.344,41.189,41.0301,40.8674,40.7006,40.5297,40.3544,40.1747,39.9903,39.801,39.6067,39.4072,39.2025,38.9918,38.7753,38.5526,38.3234,38.0875,37.8445,37.5942,37.3365,37.0706,36.7962,36.5129,36.2204,35.9182,35.6057,35.2828,34.9483,34.6019,34.2429,33.8707,33.4848,33.0838,32.667,32.234,31.7831,31.3134,30.8238,30.3133,29.7799,29.2226,28.6392,28.0284,27.3876,26.7152,26.0081,25.2643,24.4804,23.6527,22.7783,21.8527,20.8718,19.8291,18.7194,17.5366,16.2723,14.9186,13.4647,11.9003,10.2103,8.3806,6.3921,4.2225,1.8366,0.0597,0.0129,0.0068,0,0,0,0,0,0,0,0,0,0,0,0,0,0,0,0,0,0
"c 0.25",43.0257,42.9137,42.7995,42.6828,42.5638,42.4423,42.3181,42.1913,42.0618,41.9294,41.7941,41.6557,41.5142,41.3695,41.2213,41.0698,40.9148,40.7559,40.5931,40.4263,40.2554,40.0801,39.9004,39.7159,39.5267,39.3324,39.1328,38.9281,38.7174,38.5009,38.2781,38.0489,37.813,37.57,37.3197,37.062,36.796,36.5216,36.2383,35.9458,35.6435,35.3313,35.0081,34.6736,34.3272,33.9682,33.5962,33.21,32.8089,32.3921,31.9591,31.5081,31.0384,30.5491,30.0383,29.5048,28.9475,28.364,27.7532,27.1123,26.4399,25.7327,24.9889,24.205,23.3777,22.5033,21.5777,20.5961,19.5534,18.4442,17.2613,15.997,14.6431,13.1891,11.6238,9.9343,8.1043,6.1159,3.9456,1.5561,0.0449,0.0117,0.0063,0,0,0,0,0,0,0,0,0,0,0,0,0,0,0,0,0,0
"c 0.26",42.7419,42.6299,42.5156,42.399,42.2799,42.1584,42.0342,41.9074,41.7779,41.6455,41.5101,41.3718,41.2303,41.0855,40.9374,40.786,40.6308,40.4719,40.3091,40.1423,39.9713,39.796,39.6163,39.4318,39.2425,39.0482,38.8487,38.6439,38.4332,38.2167,37.9939,37.7647,37.5287,37.2857,37.0354,36.7777,36.5117,36.2372,35.9539,35.6614,35.3591,35.0469,34.7236,34.3891,34.0426,33.6836,33.3116,32.9254,32.5243,32.1075,31.6744,31.2234,30.7536,30.2643,29.7534,29.2199,28.6626,28.079,27.4682,26.8273,26.1548,25.4476,24.7037,23.9198,23.0924,22.218,21.2923,20.3106,19.2678,18.1586,16.9756,15.7111,14.3572,12.903,11.3383,9.6485,7.8188,5.8297,3.6583,1.2626,0.0358,0.0109,0.0059,0,0,0,0,0,0,0,0,0,0,0,0,0,0,0,0,0,0
"c 0.27",42.4485,42.3365,42.2222,42.1055,41.9865,41.8649,41.7408,41.6139,41.4844,41.352,41.2166,41.0782,40.9367,40.7919,40.6438,40.4924,40.3372,40.1783,40.0155,39.8486,39.6777,39.5024,39.3226,39.1381,38.9488,38.7545,38.5551,38.3501,38.1394,37.9228,37.7,37.4708,37.2348,36.9918,36.7415,36.4837,36.2177,35.9432,35.6599,35.3673,35.065,34.7528,34.4295,34.095,33.7485,33.3894,33.0174,32.6311,32.23,31.8131,31.3801,30.929,30.4592,29.9699,29.4589,28.9253,28.368,27.7844,27.1736,26.5326,25.8601,25.1532,24.4089,23.6249,22.7975,21.923,20.9972,20.0155,18.9732,17.8633,16.6802,15.4163,14.0616,12.6079,11.043,9.353,7.5229,5.5336,3.3618,0.9552,0.0292,0.0103,0,0,0,0,0,0,0,0,0,0,0,0,0,0,0,0,0,0,0
"c 0.28",42.1456,42.0336,41.9193,41.8027,41.6836,41.562,41.4379,41.311,41.1814,41.049,40.9137,40.7753,40.6337,40.4889,40.341,40.1894,40.0342,39.8752,39.7124,39.5455,39.3746,39.1992,39.0194,38.835,38.6456,38.4513,38.2519,38.0469,37.8362,37.6196,37.3968,37.1675,36.9315,36.6885,36.4384,36.1804,35.9143,35.6398,35.3565,35.0638,34.7615,34.4493,34.126,33.7914,33.4448,33.0857,32.7137,32.3274,31.9262,31.5094,31.0763,30.6252,30.1553,29.666,29.155,28.6218,28.064,27.4803,26.8695,26.2284,25.5559,24.849,24.1045,23.3205,22.493,21.6185,20.6926,19.7108,18.6685,17.5591,16.3759,15.1113,13.7571,12.3033,10.7375,9.0479,7.2172,5.2278,3.0552,0.7605,0.0246,0.0099,0,0,0,0,0,0,0,0,0,0,0,0,0,0,0,0,0,0,0
"c 0.29",41.8335,41.7215,41.6072,41.4905,41.3715,41.2499,41.1257,40.9988,40.8692,40.7368,40.6014,40.463,40.3215,40.1766,40.0287,39.8771,39.7218,39.5629,39.4,39.2332,39.0622,38.8869,38.707,38.5225,38.3332,38.1388,37.9395,37.7344,37.5237,37.307,37.0842,36.8549,36.6189,36.3759,36.1258,35.8677,35.6016,35.3271,35.0437,34.7511,34.449,34.1365,33.8131,33.4785,33.1319,32.7731,32.4008,32.0144,31.6132,31.1967,30.7632,30.3121,29.8422,29.3528,28.8417,28.3085,27.7507,27.1674,26.5561,25.9154,25.2424,24.5354,23.7914,23.0068,22.1793,21.3047,20.3787,19.3975,18.3545,17.245,16.0617,14.7969,13.4426,11.9887,10.4233,8.7334,6.903,4.9132,2.7395,0.481,0.0208,0.009,0,0,0,0,0,0,0,0,0,0,0,0,0,0,0,0,0,0,0
"c 0.3",41.5124,41.4003,41.286,41.1693,41.0502,40.9286,40.8044,40.6776,40.548,40.4155,40.2801,40.1417,40.0001,39.8553,39.7074,39.5557,39.4005,39.2415,39.0786,38.9118,38.7407,38.5654,38.3855,38.201,38.0117,37.8175,37.6179,37.4129,37.2021,36.9854,36.7626,36.5333,36.2972,36.0541,35.804,35.546,35.2798,35.0053,34.7219,34.4292,34.1271,33.8146,33.4912,33.1565,32.8099,32.4511,32.0787,31.6923,31.2911,30.8745,30.441,29.9898,29.5203,29.0305,28.5194,27.9861,27.4282,26.8449,26.2335,25.5928,24.9197,24.2128,23.4687,22.6845,21.8564,20.9817,20.0563,19.0744,18.0313,16.9217,15.7383,14.4741,13.1197,11.6656,10.1,8.4097,6.5794,4.5891,2.4139,0.2484,0.018,0.0082,0,0,0,0,0,0,0,0,0,0,0,0,0,0,0,0,0,0,0
"c 0.31",41.1823,41.0702,40.9559,40.8392,40.7201,40.5985,40.4743,40.3474,40.2178,40.0853,39.9499,39.8115,39.6699,39.5253,39.3771,39.2254,39.0702,38.9112,38.7483,38.5814,38.4104,38.235,38.0551,37.8706,37.6812,37.4871,37.2875,37.0824,36.8716,36.6549,36.432,36.2027,35.9666,35.7238,35.4734,35.2153,34.9492,34.6746,34.3911,34.0984,33.7963,33.4837,33.1604,32.8257,32.479,32.1202,31.7478,31.3613,30.96,30.5435,30.1099,29.6587,29.1891,28.6992,28.1881,27.6548,27.0969,26.5135,25.902,25.2613,24.5881,23.8811,23.137,22.3528,21.5251,20.6504,19.7243,18.7424,17.6998,16.5901,15.4066,14.1416,12.7877,11.3334,9.7676,8.0777,6.2467,4.2557,2.0782,0.1192,0.0158,0.0076,0,0,0,0,0,0,0,0,0,0,0,0,0,0,0,0,0,0,0
"c 0.32",40.8435,40.7315,40.6171,40.5004,40.3813,40.2597,40.1354,40.0086,39.8789,39.7464,39.611,39.4726,39.3309,39.1863,39.0381,38.8865,38.7312,38.5722,38.4093,38.2424,38.0713,37.8959,37.716,37.5315,37.3423,37.1479,36.9483,36.7432,36.5324,36.3157,36.0927,35.8634,35.6273,35.3845,35.134,34.8759,34.6097,34.3351,34.0517,33.7592,33.4568,33.1442,32.8208,32.486,32.1397,31.7805,31.4081,31.0216,30.6206,30.2036,29.77,29.3187,28.8492,28.3592,27.8485,27.3147,26.7567,26.1734,25.5618,24.9211,24.2483,23.5407,22.7966,22.0123,21.1846,20.3098,19.3836,18.4015,17.3589,16.2491,15.0655,13.8011,12.4463,10.9918,9.4264,7.736,5.905,3.9139,1.7325,0.068,0.0138,0,0,0,0,0,0,0,0,0,0,0,0,0,0,0,0,0,0,0,0
"c 0.33",40.4962,40.3842,40.2698,40.1531,40.0339,39.9123,39.7881,39.6612,39.5315,39.399,39.2636,39.1251,38.9837,38.8389,38.6906,38.539,38.3837,38.2246,38.0617,37.8948,37.7237,37.5483,37.3684,37.1838,36.9947,36.8002,36.6006,36.3954,36.1846,35.9679,35.7449,35.5156,35.2794,35.0366,34.7861,34.528,34.2618,33.9871,33.7037,33.4112,33.1088,32.7961,32.4726,32.1379,31.7915,31.4323,31.0598,30.6733,30.2723,29.8553,29.4216,28.9707,28.5007,28.0107,27.4999,26.9661,26.4085,25.8247,25.2135,24.5722,23.8994,23.1918,22.4476,21.6632,20.8355,19.9605,19.0343,18.0528,17.0094,15.8995,14.7164,13.4512,12.097,10.6423,9.0765,7.3864,5.5545,3.5629,1.3761,0.0458,0.0127,0,0,0,0,0,0,0,0,0,0,0,0,0,0,0,0,0,0,0,0
"c 0.34",40.1406,40.0285,39.9142,39.7974,39.6783,39.5566,39.4324,39.3055,39.1758,39.0433,38.9078,38.7693,38.6279,38.4831,38.3348,38.1831,38.0278,37.8688,37.7058,37.5389,37.3678,37.1923,37.0124,36.8278,36.6387,36.4442,36.2445,36.0394,35.8285,35.6118,35.3888,35.1594,34.9235,34.6804,34.4299,34.1717,33.9055,33.6308,33.3473,33.0549,32.7524,32.4397,32.1162,31.7814,31.435,31.0757,30.7032,30.3166,29.9156,29.4986,29.0649,28.6139,28.1439,27.6538,27.143,26.6091,26.0515,25.4676,24.8564,24.215,23.5422,22.835,22.0902,21.3058,20.4779,19.6029,18.6772,17.695,16.6522,15.5422,14.3584,13.0937,11.7392,10.2843,8.7182,7.0275,5.1962,3.2037,1.0052,0.0336,0.0114,0,0,0,0,0,0,0,0,0,0,0,0,0,0,0,0,0,0,0,0
"c 0.35",39.7769,39.6648,39.5504,39.4336,39.3145,39.1928,39.0685,38.9416,38.8119,38.6794,38.5439,38.4056,38.264,38.1191,37.9709,37.8192,37.6638,37.5048,37.3418,37.1748,37.0037,36.8283,36.6483,36.464,36.2745,36.0801,35.8804,35.6752,35.4643,35.2475,35.0245,34.7951,34.5592,34.3161,34.0655,33.8073,33.5411,33.2664,32.9831,32.6903,32.3878,32.0751,31.7516,31.417,31.0703,30.711,30.3384,29.9518,29.5508,29.1337,28.6999,28.249,27.7789,27.2888,26.7779,26.244,25.6863,25.1023,24.4911,23.8497,23.1768,22.4695,21.7252,20.9407,20.1128,19.2378,18.3114,17.3291,16.2861,15.176,13.9927,12.7279,11.3726,9.9181,8.3524,6.6611,4.8293,2.8356,0.7435,0.0263,0.0099,0,0,0,0,0,0,0,0,0,0,0,0,0,0,0,0,0,0,0,0
"c 0.36",39.4052,39.2931,39.1787,39.0619,38.9428,38.8211,38.6968,38.5699,38.4401,38.3076,38.1721,38.0338,37.8922,37.7473,37.599,37.4473,37.2919,37.1328,36.9699,36.8029,36.6317,36.4562,36.2763,36.0919,35.9025,35.708,35.5082,35.303,35.0921,34.8753,34.6523,34.4231,34.187,33.9438,33.6932,33.435,33.1687,32.8939,32.6107,32.3179,32.0153,31.7026,31.379,31.0445,30.6977,30.3384,29.9657,29.5795,29.178,28.7609,28.3271,27.8761,27.4059,26.9162,26.4049,25.8709,25.3132,24.7291,24.1179,23.4768,22.8034,22.0961,21.3517,20.5671,19.7392,18.864,17.9376,16.9558,15.9127,14.8025,13.6185,12.3534,10.9986,9.5438,7.9777,6.2865,4.4548,2.4587,0.416,0.0214,0,0,0,0,0,0,0,0,0,0,0,0,0,0,0,0,0,0,0,0,0
"c 0.37",39.0258,38.9137,38.7993,38.6825,38.5633,38.4416,38.3173,38.1904,38.0606,37.9281,37.7928,37.6543,37.5126,37.3677,37.2194,37.0676,36.9123,36.7532,36.5902,36.4232,36.252,36.0765,35.8968,35.7122,35.5227,35.3282,35.1284,34.9232,34.7122,34.4954,34.2724,34.0432,33.807,33.5638,33.3132,33.0549,32.7886,32.5138,32.2306,31.9377,31.6351,31.3223,30.9987,30.6642,30.3174,29.958,29.5853,29.199,28.7975,28.3803,27.9469,27.4954,27.0252,26.5355,26.0241,25.4905,24.9323,24.3486,23.7369,23.0958,22.4223,21.7149,20.9704,20.1858,19.3578,18.4825,17.5566,16.5741,15.5309,14.4206,13.237,11.9719,10.6169,9.1617,7.5959,5.9047,4.0713,2.0735,0.1775,0.0182,0,0,0,0,0,0,0,0,0,0,0,0,0,0,0,0,0,0,0,0,0
"c 0.38",38.639,38.5268,38.4124,38.2956,38.1764,38.0547,37.9303,37.8034,37.6736,37.5411,37.4058,37.2672,37.1255,36.9806,36.8323,36.6805,36.5251,36.366,36.203,36.036,35.8648,35.6893,35.5095,35.3249,35.1354,34.9408,34.741,34.5358,34.3248,34.108,33.8852,33.6557,33.4195,33.1762,32.9256,32.6673,32.4009,32.1265,31.8429,31.55,31.2474,30.9345,30.6112,30.2763,29.9295,29.57,29.1973,28.811,28.4095,27.9922,27.5588,27.1073,26.637,26.1472,25.6358,25.1021,24.5439,23.9602,23.3483,22.7072,22.0341,21.3261,20.5816,19.7969,18.9688,18.094,17.1675,16.1854,15.1416,14.0318,12.8474,11.5827,10.2275,8.7728,7.2064,5.5142,3.6813,1.6789,0.0817,0.0154,0,0,0,0,0,0,0,0,0,0,0,0,0,0,0,0,0,0,0,0,0
"c 0.39",38.2448,38.1326,38.0182,37.9014,37.7821,37.6604,37.5361,37.4091,37.2793,37.147,37.0114,36.8729,36.7312,36.5862,36.4379,36.2861,36.1307,35.9715,35.8085,35.6415,35.4702,35.295,35.115,34.9303,34.7408,34.5462,34.3464,34.1411,33.9301,33.7132,33.4904,33.2609,33.0247,32.7814,32.5307,32.2724,32.006,31.7315,31.4479,31.155,30.8523,30.5394,30.2161,29.8811,29.5343,29.1748,28.8024,28.4157,28.0141,27.5968,27.1633,26.7117,26.2418,25.7516,25.2401,24.7064,24.1481,23.5644,22.9529,22.3113,21.6381,20.9306,20.186,19.4012,18.573,17.6977,16.771,15.7889,14.7455,13.6349,12.451,11.1862,9.8307,8.3756,6.8094,5.1169,3.2823,1.274,0.0485,0.0135,0,0,0,0,0,0,0,0,0,0,0,0,0,0,0,0,0,0,0,0,0
"c 0.4",37.8435,37.7313,37.6169,37.5001,37.3808,37.2591,37.1347,37.0077,36.8781,36.7456,36.61,36.4714,36.3297,36.1847,36.0364,35.8846,35.7291,35.57,35.4069,35.2399,35.0686,34.8933,34.7133,34.5286,34.3391,34.1445,33.9446,33.7393,33.5283,33.3114,33.0886,32.859,32.6228,32.3794,32.1288,31.8704,31.6043,31.3295,31.0458,30.7528,30.4501,30.1372,29.8139,29.4789,29.1319,28.7724,28.4,28.0132,27.6116,27.1947,26.7607,26.3091,25.8392,25.3489,24.8378,24.3036,23.7457,23.1614,22.5499,21.9082,21.235,20.5274,19.7827,18.9979,18.1696,17.2942,16.3679,15.3851,14.3416,13.2316,12.0475,10.7824,9.4267,7.9719,6.4051,4.7129,2.8771,0.9033,0.0338,0,0,0,0,0,0,0,0,0,0,0,0,0,0,0,0,0,0,0,0,0,0
"c 0.41",37.4354,37.3232,37.2087,37.0919,36.9726,36.8508,36.7265,36.5995,36.4699,36.3373,36.2017,36.0631,35.9214,35.7764,35.628,35.4762,35.3207,35.1615,34.9985,34.8314,34.6604,34.4848,34.3048,34.12,33.9305,33.7359,33.536,33.3306,33.1196,32.903,32.6798,32.4503,32.214,31.9706,31.7199,31.4615,31.1954,30.9205,30.6368,30.3438,30.0411,29.7285,29.4048,29.0697,28.7227,28.3636,27.9908,27.6039,27.2022,26.7853,26.3513,25.8996,25.4297,24.9393,24.4281,23.8939,23.3359,22.7516,22.14,21.4987,20.825,20.1173,19.3726,18.5877,17.7593,16.8843,15.9574,14.9751,13.9315,12.8213,11.6371,10.3718,9.0164,7.5605,5.9936,4.3007,2.4641,0.5677,0.0248,0,0,0,0,0,0,0,0,0,0,0,0,0,0,0,0,0,0,0,0,0,0
"c 0.42",37.0206,36.9084,36.7939,36.6771,36.5578,36.436,36.3116,36.1848,36.055,35.9224,35.7868,35.6482,35.5064,35.3614,35.213,35.0612,34.9057,34.7465,34.5834,34.4162,34.2452,34.0697,33.8896,33.7048,33.5152,33.3206,33.1207,32.9153,32.7043,32.4876,32.2645,32.0349,31.7985,31.5551,31.3044,31.0463,30.7798,30.5049,30.2212,29.9281,29.6254,29.3127,28.989,28.6539,28.3069,27.9477,27.5748,27.1879,26.7866,26.3692,25.9352,25.4839,25.0134,24.523,24.0118,23.4775,22.9195,22.3351,21.7235,21.0821,20.4088,19.7005,18.9557,18.1707,17.3428,16.4672,15.5408,14.5577,13.5146,12.4036,11.2199,9.9544,8.5987,7.143,5.576,3.8828,2.0429,0.2479,0.0197,0,0,0,0,0,0,0,0,0,0,0,0,0,0,0,0,0,0,0,0,0,0
"c 0.43",36.5994,36.4872,36.3727,36.2558,36.1365,36.0147,35.8903,35.7635,35.6337,35.501,35.3654,35.2268,35.085,34.94,34.7916,34.6397,34.4842,34.325,34.1618,33.995,33.8237,33.6481,33.468,33.2832,33.0936,32.8989,32.699,32.4936,32.2828,32.0658,31.8426,31.613,31.3766,31.1332,30.8824,30.6243,30.3578,30.0829,29.7991,29.506,29.2036,28.8905,28.5668,28.2316,27.8846,27.5253,27.1525,26.7655,26.3641,25.9467,25.5126,25.0613,24.5908,24.1007,23.5891,23.0551,22.4966,21.9126,21.3004,20.659,19.9857,19.2779,18.5329,17.7479,16.9193,16.0436,15.1171,14.1345,13.0907,11.9802,10.7955,9.5304,8.1743,6.7188,5.1515,3.457,1.613,0.0954,0,0,0,0,0,0,0,0,0,0,0,0,0,0,0,0,0,0,0,0,0,0,0
"c 0.44",36.172,36.0598,35.9453,35.8284,35.7091,35.5872,35.4631,35.336,35.2062,35.0735,34.9379,34.7992,34.6574,34.5124,34.3639,34.212,34.0565,33.8972,33.7344,33.5672,33.3959,33.2203,33.0402,32.8554,32.6657,32.471,32.271,32.0659,31.8548,31.6378,31.4146,31.185,30.9485,30.7051,30.4546,30.1961,29.9296,29.6546,29.3708,29.0777,28.7752,28.4622,28.1383,27.8032,27.4564,27.0968,26.7238,26.3368,25.9355,25.518,25.0838,24.6324,24.1619,23.6718,23.16,22.6261,22.0675,21.4834,20.8717,20.2297,19.5563,18.8484,18.1034,17.3182,16.4896,15.6144,14.6877,13.7051,12.6611,11.5504,10.3656,9.1002,7.7444,6.2882,4.7205,3.0257,1.1732,0.0506,0,0,0,0,0,0,0,0,0,0,0,0,0,0,0,0,0,0,0,0,0,0,0
"c 0.45",35.7387,35.6264,35.5119,35.395,35.2756,35.154,35.0296,34.9025,34.7727,34.64,34.5043,34.3657,34.2238,34.0788,33.9303,33.7784,33.6228,33.4635,33.3007,33.1335,32.9622,32.7865,32.6064,32.4215,32.2319,32.0371,31.8371,31.632,31.4209,31.2038,30.9806,30.7509,30.5145,30.271,30.0205,29.762,29.4954,29.2204,28.9365,28.6437,28.3409,28.0278,27.7039,27.3687,27.0219,26.6622,26.2892,25.9026,25.5008,25.0832,24.6494,24.1976,23.727,23.2369,22.725,22.191,21.6328,21.0483,20.4365,19.7949,19.1209,18.4129,17.6678,16.8832,16.0545,15.1785,14.2518,13.269,12.2255,11.1146,9.9295,8.6638,7.3083,5.8521,4.2837,2.5875,0.8221,0.0328,0,0,0,0,0,0,0,0,0,0,0,0,0,0,0,0,0,0,0,0,0,0,0
"c 0.46",35.2996,35.1873,35.0727,34.9558,34.8367,34.7148,34.5904,34.4633,34.3334,34.2007,34.0651,33.9264,33.7845,33.6394,33.491,33.339,33.1834,33.0244,32.8612,32.694,32.5227,32.347,32.1668,31.982,31.7923,31.5975,31.3978,31.1923,30.9812,30.7641,30.5408,30.3111,30.0746,29.8314,29.5806,29.3221,29.0555,28.7804,28.4965,28.2037,27.9008,27.5876,27.2637,26.9288,26.5817,26.2219,25.8489,25.4622,25.0603,24.6427,24.2089,23.757,23.2868,22.7962,22.2847,21.7502,21.1919,20.6073,19.9954,19.3538,18.6802,17.9722,17.2271,16.4417,15.6129,14.7375,13.8106,12.8277,11.7833,10.673,9.4884,8.2223,6.8663,5.4099,3.8405,2.1417,0.4261,0,0,0,0,0,0,0,0,0,0,0,0,0,0,0,0,0,0,0,0,0,0,0,0
"c 0.47",34.8549,34.7427,34.6281,34.5111,34.392,34.2701,34.1457,34.0186,33.8887,33.7559,33.6203,33.4815,33.3397,33.1946,33.0461,32.8941,32.7387,32.5794,32.4163,32.249,32.0777,31.902,31.7217,31.5369,31.3471,31.1523,30.9526,30.7471,30.536,30.3188,30.0955,29.8658,29.6293,29.3861,29.1352,28.8766,28.61,28.3349,28.0513,27.7581,27.4551,27.142,26.818,26.4831,26.1359,25.7761,25.4034,25.0163,24.6144,24.1971,23.7628,23.3109,22.8406,22.3499,21.8384,21.3038,20.7455,20.1613,19.5489,18.9072,18.2335,17.5254,16.7802,15.9947,15.1664,14.2902,13.3633,12.3808,11.3364,10.2258,9.0409,7.7744,6.4185,4.9618,3.3918,1.6893,0.1522,0,0,0,0,0,0,0,0,0,0,0,0,0,0,0,0,0,0,0,0,0,0,0,0
"c 0.48",34.405,34.2927,34.1781,34.0614,33.942,33.8201,33.6957,33.5685,33.4386,33.3059,33.1702,33.0314,32.8895,32.7444,32.5959,32.4439,32.2885,32.1292,31.966,31.7988,31.6274,31.4516,31.2714,31.0865,30.8967,30.7022,30.5021,30.2966,30.0854,29.8683,29.6449,29.4151,29.1789,28.9354,28.6845,28.4259,28.1592,27.884,27.6004,27.3072,27.0042,26.691,26.3673,26.032,25.6848,25.3249,24.9522,24.5651,24.1631,23.7458,23.3115,22.8599,22.3891,21.8988,21.3868,20.8526,20.2938,19.7095,19.0975,18.4552,17.7815,17.0733,16.3285,15.543,14.714,13.8383,12.9112,11.928,10.884,9.7732,8.588,7.3218,5.9659,4.5087,2.9377,1.2278,0,0,0,0,0,0,0,0,0,0,0,0,0,0,0,0,0,0,0,0,0,0,0,0,0
"c 0.49",33.9501,33.8377,33.7234,33.6064,33.487,33.3651,33.2406,33.1135,32.9835,32.8508,32.715,32.5763,32.4344,32.2892,32.1406,31.9889,31.8333,31.6739,31.5107,31.3434,31.172,30.9962,30.816,30.631,30.4412,30.2467,30.0466,29.8411,29.6298,29.4127,29.1893,28.9595,28.7232,28.4797,28.2287,27.97,27.7033,27.4285,27.1445,26.8512,26.5482,26.2349,25.9113,25.5759,25.2286,24.8691,24.496,24.1088,23.7071,23.2894,22.855,22.4034,21.9325,21.4422,20.9301,20.3959,19.8369,19.2526,18.6406,17.9987,17.3249,16.6167,15.8712,15.0856,14.2571,13.3813,12.4541,11.4707,10.4265,9.3154,8.1306,6.8639,5.5072,4.05,2.4775,0.8482,0,0,0,0,0,0,0,0,0,0,0,0,0,0,0,0,0,0,0,0,0,0,0,0,0
"c 0.5",33.4903,33.3782,33.2636,33.1466,33.0272,32.9052,32.7807,32.6535,32.5236,32.3908,32.2551,32.1163,31.9743,31.8292,31.6808,31.5288,31.3732,31.2138,31.0505,30.8833,30.7118,30.536,30.3557,30.1707,29.9812,29.7864,29.5863,29.3807,29.1694,28.9522,28.7288,28.4993,28.2627,28.0191,27.7681,27.5094,27.2426,26.9678,26.6838,26.3905,26.0874,25.7744,25.4504,25.115,24.7676,24.4081,24.0349,23.6476,23.2459,22.8281,22.3941,21.942,21.4711,20.9807,20.4691,19.9343,19.3758,18.7909,18.1787,17.5368,16.8629,16.1546,15.4091,14.624,13.7947,12.9188,11.9914,11.0085,9.9641,8.8528,7.6683,6.4017,5.044,3.5865,2.0118,0.4311,0,0,0,0,0,0,0,0,0,0,0,0,0,0,0,0,0,0,0,0,0,0,0,0,0
"c 0.51",33.0259,32.9138,32.7992,32.6822,32.5627,32.4408,32.3163,32.1891,32.0591,31.9263,31.7905,31.6517,31.5097,31.3645,31.2162,31.0642,30.9085,30.7491,30.5858,30.4185,30.247,30.0712,29.8908,29.7061,29.5163,29.3215,29.1213,28.9157,28.7044,28.4872,28.264,28.0342,27.7976,27.5539,27.3029,27.0441,26.7777,26.5025,26.2184,25.9251,25.6219,25.309,24.9849,24.6494,24.3024,23.9424,23.5692,23.1823,22.7802,22.3623,21.9282,21.4761,21.0056,20.5147,20.003,19.4681,18.9095,18.3251,17.7128,17.0709,16.3969,15.6885,14.9429,14.1571,13.3283,12.4523,11.5248,10.5417,9.497,8.3861,7.2004,5.9339,4.5766,3.1176,1.538,0,0,0,0,0,0,0,0,0,0,0,0,0,0,0,0,0,0,0,0,0,0,0,0,0,0
"c 0.52",32.5574,32.4451,32.3304,32.2134,32.094,31.972,31.8474,31.7202,31.5902,31.4574,31.3216,31.1828,31.0408,30.8958,30.7472,30.5952,30.4395,30.28,30.1167,29.9494,29.7779,29.602,29.4216,29.2369,29.0471,28.8522,28.652,28.4464,28.235,28.0177,27.7946,27.5647,27.3281,27.0844,26.8333,26.5745,26.3081,26.0328,25.7487,25.4553,25.1525,24.8391,24.515,24.1795,23.8324,23.4724,23.0991,22.7122,22.31,21.892,21.458,21.0057,20.5352,20.0442,19.5324,18.998,18.4389,17.8543,17.2421,16.6,15.926,15.2174,14.4717,13.6864,12.8575,11.9814,11.0537,10.0704,9.0262,7.9142,6.7287,5.4622,4.1042,2.644,1.0554,0,0,0,0,0,0,0,0,0,0,0,0,0,0,0,0,0,0,0,0,0,0,0,0,0,0
"c 0.53",32.0846,31.9722,31.8576,31.7405,31.6211,31.4991,31.3745,31.2472,31.1172,30.9844,30.8486,30.7097,30.568,30.4227,30.2741,30.122,29.9663,29.8068,29.6435,29.4761,29.3046,29.1287,28.9486,28.7636,28.5737,28.3788,28.1786,27.9729,27.7615,27.5445,27.3211,27.0911,26.8545,26.6107,26.3596,26.1011,25.8343,25.559,25.2748,24.9814,24.6786,24.3652,24.041,23.7058,23.3583,22.9983,22.6253,22.2379,21.8357,21.4182,20.9835,20.5317,20.0607,19.5701,19.0578,18.5233,17.9646,17.3794,16.7671,16.125,15.4508,14.7428,13.997,13.2116,12.3819,11.5063,10.5784,9.5949,8.5504,7.4388,6.2535,4.986,3.6278,2.1653,0,0,0,0,0,0,0,0,0,0,0,0,0,0,0,0,0,0,0,0,0,0,0,0,0,0,0
"c 0.54",31.6079,31.4955,31.3808,31.2638,31.1443,31.0223,30.8977,30.7704,30.6404,30.5075,30.3716,30.233,30.091,29.9458,29.7971,29.645,29.4892,29.3298,29.1664,28.999,28.8274,28.6518,28.4714,28.2864,28.0965,27.9015,27.7013,27.4955,27.2841,27.0671,26.8436,26.6137,26.3769,26.1331,25.8823,25.6235,25.3567,25.0813,24.7971,24.504,24.2008,23.8873,23.563,23.2279,22.8803,22.5202,22.1472,21.7598,21.3574,20.9399,20.5052,20.0534,19.5822,19.0916,18.5797,18.0447,17.4859,16.9012,16.2888,15.6466,14.9724,14.2637,13.5183,12.7322,11.9031,11.0266,10.0992,9.1155,8.0714,6.9593,5.7733,4.5062,3.1466,1.6814,0,0,0,0,0,0,0,0,0,0,0,0,0,0,0,0,0,0,0,0,0,0,0,0,0,0,0
"c 0.55",31.1276,31.0151,30.9004,30.7833,30.6638,30.5418,30.4172,30.2899,30.1598,30.0269,29.8911,29.7524,29.6104,29.4651,29.3165,29.1643,29.0085,28.849,28.6856,28.5182,28.3469,28.171,27.9906,27.8055,27.6155,27.4205,27.2203,27.0145,26.8034,26.5861,26.3625,26.1325,25.8957,25.6519,25.4011,25.1423,24.8753,24.5999,24.3161,24.0226,23.7193,23.4058,23.0819,22.7463,22.3987,22.0389,21.6655,21.278,20.8761,20.458,20.0237,19.5713,19.1006,18.6094,18.0975,17.5629,17.0035,16.4188,15.8063,15.164,14.4896,13.7814,13.0354,12.2498,11.4205,10.5439,9.6163,8.633,7.5878,6.4759,5.2899,4.0222,2.6616,0,0,0,0,0,0,0,0,0,0,0,0,0,0,0,0,0,0,0,0,0,0,0,0,0,0,0,0
"c 0.56",30.6438,30.5313,30.4166,30.2995,30.18,30.0579,29.9333,29.806,29.6759,29.5429,29.4073,29.2684,29.1264,28.9811,28.8324,28.6802,28.5244,28.3649,28.2014,28.034,27.8627,27.6867,27.5063,27.3212,27.1312,26.9361,26.7358,26.5304,26.319,26.1016,25.878,25.6479,25.4111,25.1676,24.9165,24.6576,24.3906,24.1151,23.8312,23.5377,23.2344,22.9208,22.5969,22.2612,21.9136,21.5538,21.1803,20.7931,20.3908,19.9726,19.5383,19.0858,18.6151,18.1243,17.6118,17.0772,16.5183,15.9334,15.3208,14.6785,14.0041,13.2952,12.5496,11.7639,10.9345,10.0576,9.1298,8.1462,7.1014,5.9897,4.8035,3.5348,0,0,0,0,0,0,0,0,0,0,0,0,0,0,0,0,0,0,0,0,0,0,0,0,0,0,0,0,0
"c 0.57",30.1568,30.0444,29.9296,29.8125,29.6929,29.5709,29.4462,29.3188,29.1887,29.0561,28.9202,28.7813,28.6392,28.4938,28.3451,28.1929,28.0371,27.8775,27.7141,27.5469,27.3753,27.1993,27.0188,26.8337,26.6437,26.4486,26.2486,26.0428,25.8313,25.6139,25.3903,25.1602,24.9237,24.6798,24.4286,24.1697,23.9026,23.6275,23.3432,23.0496,22.7463,22.4331,22.1087,21.773,21.4257,21.0655,20.6919,20.3047,19.9023,19.4845,19.0497,18.5977,18.1263,17.6356,17.1235,16.5882,16.0292,15.4443,14.8317,14.1892,13.5147,12.8063,12.0606,11.2741,10.4452,9.5681,8.6408,7.6569,6.6116,5.4991,4.3125,3.0433,0,0,0,0,0,0,0,0,0,0,0,0,0,0,0,0,0,0,0,0,0,0,0,0,0,0,0,0,0
"c 0.58",29.6669,29.5544,29.4397,29.3225,29.2029,29.0808,28.9562,28.8288,28.6989,28.566,28.4301,28.2911,28.149,28.0037,27.8549,27.7027,27.5468,27.3872,27.224,27.0566,26.8849,26.7089,26.5284,26.3432,26.1532,25.958,25.758,25.5522,25.3407,25.1233,24.8996,24.6694,24.433,24.1891,23.9378,23.6788,23.4121,23.1366,22.8523,22.5586,22.2556,21.942,21.6175,21.2817,20.9345,20.5742,20.201,19.8133,19.4108,18.993,18.5581,18.106,17.6351,17.1438,16.6317,16.0968,15.5378,14.9522,14.3401,13.6975,13.0229,12.3144,11.568,10.782,9.9529,9.0763,8.148,7.1645,6.1194,5.0061,3.8196,0,0,0,0,0,0,0,0,0,0,0,0,0,0,0,0,0,0,0,0,0,0,0,0,0,0,0,0,0,0
"c 0.59",29.1743,29.0618,28.947,28.8298,28.7102,28.5881,28.4634,28.3363,28.2062,28.0732,27.9372,27.7983,27.6561,27.5107,27.362,27.2097,27.0538,26.8945,26.731,26.5635,26.3918,26.2158,26.0352,25.85,25.6599,25.4651,25.2648,25.0589,24.8474,24.6299,24.4062,24.1764,23.9395,23.6956,23.4442,23.1852,22.9185,22.643,22.3586,22.0648,21.7618,21.4481,21.1237,20.7883,20.4405,20.0801,19.7069,19.3192,18.9171,18.4988,18.0643,17.6117,17.1407,16.6498,16.1371,15.6022,15.0431,14.458,13.8452,13.2025,12.5284,11.8192,11.0733,10.2871,9.4578,8.581,7.6531,6.6691,5.6234,4.5106,3.3231,0,0,0,0,0,0,0,0,0,0,0,0,0,0,0,0,0,0,0,0,0,0,0,0,0,0,0,0,0,0
"c 0.6",28.6792,28.5667,28.4518,28.3346,28.215,28.0929,27.9684,27.841,27.7109,27.5779,27.4419,27.3029,27.1608,27.0154,26.8666,26.7143,26.5586,26.399,26.2355,26.068,25.8962,25.7202,25.5396,25.3543,25.1646,24.9694,24.769,24.5632,24.3516,24.134,23.9106,23.6805,23.4435,23.1996,22.9482,22.6895,22.4224,22.1468,21.8624,21.569,21.2656,20.9518,20.6277,20.2919,19.944,19.584,19.2104,18.8225,18.4204,18.002,17.5675,17.1153,16.6438,16.1528,15.6406,15.1056,14.5458,13.9607,13.3484,12.7056,12.0308,11.322,10.576,9.7896,8.9602,8.0831,7.1555,6.1711,5.1253,4.0121,0,0,0,0,0,0,0,0,0,0,0,0,0,0,0,0,0,0,0,0,0,0,0,0,0,0,0,0,0,0,0
"c 0.61",28.1818,28.0693,27.9544,27.8372,27.7176,27.5957,27.4709,27.3435,27.2134,27.0803,26.9444,26.8053,26.6631,26.5177,26.3689,26.2168,26.0609,25.9013,25.7377,25.5702,25.3984,25.2223,25.0417,24.8567,24.6666,24.4715,24.271,24.0651,23.8535,23.6359,23.4125,23.1823,22.9453,22.7013,22.4503,22.1912,21.924,21.6484,21.3643,21.0705,20.767,20.4532,20.1291,19.7932,19.4453,19.0853,18.7115,18.3242,17.9215,17.5035,17.0684,16.6162,16.1451,15.6535,15.1412,14.6062,14.0469,13.4617,12.8487,12.2064,11.5315,10.8226,10.0764,9.2898,8.4601,7.5835,6.6556,5.6713,4.6254,0,0,0,0,0,0,0,0,0,0,0,0,0,0,0,0,0,0,0,0,0,0,0,0,0,0,0,0,0,0,0,0
"c 0.62",27.6824,27.5699,27.455,27.3377,27.2184,27.0962,26.9714,26.844,26.7138,26.5808,26.4448,26.3057,26.1635,26.018,25.8691,25.7171,25.5612,25.4015,25.2379,25.0703,24.8985,24.7224,24.5418,24.3568,24.1667,23.9715,23.771,23.565,23.3533,23.1361,22.9123,22.6821,22.4451,22.201,21.9499,21.6908,21.4236,21.1479,20.8638,20.57,20.2664,19.953,19.6284,19.2924,18.945,18.5845,18.2111,17.8232,17.421,17.0025,16.5678,16.115,15.6439,15.1528,14.6404,14.1047,13.5453,12.9606,12.3475,11.7045,11.0301,10.3211,9.5748,8.7887,7.9587,7.0818,6.1534,5.1683,4.1221,0,0,0,0,0,0,0,0,0,0,0,0,0,0,0,0,0,0,0,0,0,0,0,0,0,0,0,0,0,0,0,0
"c 0.63",27.1812,27.0686,26.9537,26.8368,26.7171,26.5949,26.4701,26.3427,26.2125,26.0794,25.9433,25.8043,25.662,25.5165,25.368,25.2156,25.0596,24.8999,24.7363,24.5687,24.3969,24.2207,24.0404,23.8551,23.6649,23.4696,23.2691,23.0631,22.8518,22.6342,22.4104,22.1801,21.943,21.6993,21.4478,21.1887,20.9214,20.6461,20.3615,20.0677,19.7644,19.4506,19.1259,18.7904,18.4424,18.0818,17.7084,17.3205,16.9182,16.4996,16.0649,15.6125,15.1408,14.6497,14.1372,13.602,13.0426,12.4571,11.8445,11.2015,10.5269,9.8177,9.0712,8.2849,7.4554,6.5781,5.6491,4.6647,0,0,0,0,0,0,0,0,0,0,0,0,0,0,0,0,0,0,0,0,0,0,0,0,0,0,0,0,0,0,0,0,0
"c 0.64",26.6785,26.5658,26.4512,26.334,26.2143,26.0921,25.9673,25.8398,25.7095,25.5764,25.4404,25.3012,25.159,25.0138,24.8649,24.7125,24.5565,24.3968,24.2331,24.0655,23.8936,23.7178,23.5371,23.3517,23.1615,22.9662,22.7657,22.56,22.3483,22.1307,21.9068,21.6764,21.4397,21.1956,20.9441,20.6849,20.418,20.1423,19.8577,19.5637,19.2605,18.9466,18.6219,18.2863,17.9383,17.5781,17.2042,16.8167,16.4138,15.9957,15.5604,15.108,14.6367,14.1455,13.6329,13.0977,12.5382,11.9527,11.3393,10.6968,10.0221,9.3128,8.5667,7.7802,6.9496,6.0725,5.1437,0,0,0,0,0,0,0,0,0,0,0,0,0,0,0,0,0,0,0,0,0,0,0,0,0,0,0,0,0,0,0,0,0,0
"c 0.65",26.1743,26.062,25.9471,25.8298,25.7101,25.5879,25.463,25.3355,25.2052,25.0721,24.936,24.7969,24.6549,24.5094,24.3605,24.2081,24.052,23.8923,23.7286,23.5609,23.3893,23.2132,23.0325,22.8471,22.6568,22.4615,22.2613,22.0552,21.8435,21.6258,21.4019,21.1719,20.9348,20.6906,20.4391,20.1798,19.9129,19.6371,19.3524,19.0589,18.7552,18.4412,18.1169,17.7808,17.4332,17.0725,16.6985,16.311,15.9086,15.4899,15.0551,14.6026,14.1307,13.6394,13.1268,12.5914,12.0318,11.4468,10.8334,10.1907,9.5158,8.8063,8.0601,7.2732,6.443,5.5662,0,0,0,0,0,0,0,0,0,0,0,0,0,0,0,0,0,0,0,0,0,0,0,0,0,0,0,0,0,0,0,0,0,0,0
"c 0.66",25.6694,25.5567,25.4418,25.3245,25.2048,25.0825,24.9577,24.8301,24.6998,24.5667,24.4306,24.2917,24.1494,24.0039,23.8549,23.7025,23.5464,23.3866,23.2229,23.0555,22.8836,22.7074,22.5267,22.3413,22.151,21.956,21.7554,21.5493,21.3375,21.1198,20.8958,20.6658,20.4287,20.1845,19.9328,19.674,19.4066,19.1308,18.8465,18.5525,18.2488,17.9352,17.6104,17.2742,16.9266,16.5658,16.1923,15.8042,15.4017,14.9835,14.5481,14.0955,13.6241,13.1327,12.6201,12.0846,11.5249,10.9392,10.3263,9.6834,9.0084,8.2987,7.5522,6.7658,5.9359,0,0,0,0,0,0,0,0,0,0,0,0,0,0,0,0,0,0,0,0,0,0,0,0,0,0,0,0,0,0,0,0,0,0,0,0
"c 0.67",25.1633,25.0506,24.9356,24.8183,24.6986,24.5763,24.4514,24.3238,24.1935,24.0603,23.9245,23.7853,23.643,23.4974,23.3485,23.196,23.0399,22.8801,22.7167,22.549,22.377,22.2008,22.02,21.8345,21.6442,21.4492,21.2486,21.0425,20.8306,20.6128,20.3893,20.1588,19.9217,19.6774,19.4262,19.1668,18.8994,18.6235,18.3392,18.0452,17.7414,17.4278,17.1029,16.7672,16.419,16.0587,15.6846,15.297,14.8939,14.4757,14.0407,13.5875,13.1161,12.6246,12.1118,11.5763,11.0171,10.4313,9.8182,9.1752,8.5,7.7908,7.044,6.2572,5.4268,0,0,0,0,0,0,0,0,0,0,0,0,0,0,0,0,0,0,0,0,0,0,0,0,0,0,0,0,0,0,0,0,0,0,0,0
"c 0.68",24.6564,24.5438,24.4288,24.3114,24.1916,24.0693,23.9444,23.8169,23.6865,23.5536,23.4175,23.2783,23.1359,22.9903,22.8413,22.6888,22.5327,22.3732,22.2094,22.0417,21.8697,21.6934,21.5126,21.3271,21.1371,20.9417,20.7411,20.5349,20.323,20.1056,19.8816,19.6512,19.4139,19.17,18.9184,18.659,18.3915,18.1161,17.8313,17.5372,17.2338,16.9197,16.5952,16.259,15.9107,15.5504,15.1767,14.7885,14.386,13.9671,13.5321,13.0794,12.6079,12.1163,11.6035,11.0678,10.5085,9.9226,9.3094,8.6663,7.9915,7.2814,6.535,5.7477,0,0,0,0,0,0,0,0,0,0,0,0,0,0,0,0,0,0,0,0,0,0,0,0,0,0,0,0,0,0,0,0,0,0,0,0,0
"c 0.69",24.1492,24.0365,23.9215,23.8041,23.6843,23.5619,23.437,23.3094,23.1793,23.0461,22.91,22.7707,22.6284,22.4827,22.3337,22.1812,22.0254,21.8655,21.7017,21.5339,21.3619,21.1856,21.0047,20.8196,20.6292,20.4338,20.2331,20.0269,19.8154,19.5976,19.3735,19.143,18.9061,18.6618,18.4101,18.1507,17.8836,17.6077,17.3228,17.0292,16.7253,16.4111,16.0866,15.7503,15.4025,15.0416,14.6679,14.2801,13.877,13.4586,13.0235,12.5707,12.0986,11.6075,11.0946,10.5589,9.9988,9.4134,8.8001,8.1567,7.4818,6.7721,6.0253,0,0,0,0,0,0,0,0,0,0,0,0,0,0,0,0,0,0,0,0,0,0,0,0,0,0,0,0,0,0,0,0,0,0,0,0,0,0
"c 0.7",23.6416,23.5289,23.4139,23.2965,23.1766,23.0543,22.9293,22.802,22.6716,22.5384,22.4022,22.2629,22.1205,21.9749,21.8258,21.6736,21.5174,21.3575,21.1937,21.0259,20.8539,20.6775,20.497,20.3115,20.1211,19.9256,19.7248,19.519,19.3071,19.0892,18.8651,18.6346,18.3977,18.1533,17.9016,17.6426,17.375,17.099,16.8146,16.5204,16.2165,15.9027,15.5777,15.2419,14.8935,14.5331,14.1588,13.771,13.3683,12.9493,12.5142,12.0613,11.5896,11.0979,10.5848,10.0496,9.4895,8.9039,8.2904,7.6476,6.9724,6.2623,0,0,0,0,0,0,0,0,0,0,0,0,0,0,0,0,0,0,0,0,0,0,0,0,0,0,0,0,0,0,0,0,0,0,0,0,0,0,0
"c 0.71",23.134,23.0213,22.9062,22.7888,22.6689,22.5468,22.4219,22.2943,22.1639,22.0306,21.8944,21.7551,21.6126,21.4669,21.3182,21.1656,21.0095,20.8495,20.6857,20.5178,20.3458,20.1697,19.9889,19.8033,19.6129,19.4173,19.2169,19.0107,18.7988,18.5808,18.3567,18.1265,17.8892,17.6448,17.3934,17.134,16.8664,16.5907,16.3059,16.0116,15.7081,15.3939,15.0693,14.7329,14.385,14.024,13.6502,13.2617,12.859,12.4405,12.0053,11.5524,11.0806,10.5888,10.0756,9.5403,8.98,8.3943,7.7813,7.1375,6.4621,0,0,0,0,0,0,0,0,0,0,0,0,0,0,0,0,0,0,0,0,0,0,0,0,0,0,0,0,0,0,0,0,0,0,0,0,0,0,0,0
"c 0.72",22.6266,22.5138,22.3987,22.2813,22.1617,22.0393,21.9143,21.7867,21.6562,21.5229,21.3867,21.2474,21.1049,20.9595,20.8104,20.6579,20.5016,20.3417,20.1778,20.0099,19.8382,19.6618,19.4809,19.2953,19.1048,18.9096,18.7088,18.5026,18.2906,18.0726,17.8489,17.6183,17.3809,17.1368,16.885,16.6255,16.3578,16.0822,15.7973,15.5035,15.1994,14.8851,14.5605,14.224,13.8761,13.5155,13.1411,12.7532,12.3504,11.9318,11.4959,11.0429,10.5717,10.0798,9.5665,9.0311,8.4713,7.8854,7.2716,6.6282,0,0,0,0,0,0,0,0,0,0,0,0,0,0,0,0,0,0,0,0,0,0,0,0,0,0,0,0,0,0,0,0,0,0,0,0,0,0,0,0,0
"c 0.73",22.1195,22.0067,21.8916,21.7744,21.6545,21.5321,21.4071,21.2794,21.149,21.0157,20.8794,20.74,20.5979,20.4522,20.3031,20.1504,19.9942,19.8342,19.6703,19.5027,19.3306,19.1542,18.9732,18.7876,18.5975,18.4019,18.2011,17.9948,17.7827,17.5651,17.341,17.1103,16.8728,16.6288,16.377,16.1174,15.8502,15.574,15.2895,14.9952,14.6911,14.3772,14.0521,13.7161,13.3675,13.0069,12.633,12.2444,11.8416,11.4229,10.9876,10.5345,10.0625,9.5712,9.0578,8.5222,7.9623,7.3762,6.7628,0,0,0,0,0,0,0,0,0,0,0,0,0,0,0,0,0,0,0,0,0,0,0,0,0,0,0,0,0,0,0,0,0,0,0,0,0,0,0,0,0,0
"c 0.74",21.613,21.5001,21.3853,21.2679,21.148,21.0255,20.9005,20.7728,20.6423,20.5089,20.3726,20.2336,20.0911,19.9454,19.7962,19.6436,19.4873,19.3272,19.1637,18.9958,18.8236,18.6472,18.4662,18.2809,18.0903,17.8947,17.6939,17.4875,17.2759,17.0579,16.8336,16.6029,16.3659,16.1214,15.8694,15.6103,15.3426,15.0664,14.7818,14.4875,14.1838,13.8694,13.5447,13.2081,12.8601,12.4994,12.1249,11.7368,11.3339,10.9152,10.4798,10.0266,9.5545,9.063,8.5495,8.0138,7.4537,0,0,0,0,0,0,0,0,0,0,0,0,0,0,0,0,0,0,0,0,0,0,0,0,0,0,0,0,0,0,0,0,0,0,0,0,0,0,0,0,0,0,0,0
"c 0.75",21.1072,20.9947,20.8796,20.7621,20.6421,20.5197,20.3946,20.2669,20.1363,20.003,19.867,19.7276,19.5851,19.4393,19.2901,19.1374,18.9811,18.8214,18.6575,18.4895,18.3174,18.1409,17.9602,17.7745,17.584,17.3883,17.1874,16.9814,16.7694,16.5513,16.327,16.0967,15.8592,15.6147,15.3632,15.1035,14.8357,14.56,14.2749,13.981,13.6768,13.3628,13.0376,12.7015,12.3528,11.9921,11.6181,11.23,10.8269,10.4082,9.9727,9.5194,9.0472,8.5557,8.042,7.5061,0,0,0,0,0,0,0,0,0,0,0,0,0,0,0,0,0,0,0,0,0,0,0,0,0,0,0,0,0,0,0,0,0,0,0,0,0,0,0,0,0,0,0,0,0
"c 0.76",20.6027,20.4899,20.3747,20.2572,20.1373,20.0148,19.8897,19.7619,19.6317,19.4983,19.362,19.2226,19.08,18.9342,18.785,18.6323,18.4763,18.3163,18.1523,17.9843,17.8121,17.6359,17.4549,17.2692,17.0786,16.8829,16.6824,16.4759,16.2638,16.0457,15.8218,15.5911,15.3535,15.1094,14.8574,14.5977,14.3304,14.0541,13.7694,13.475,13.1712,12.8567,12.5319,12.1952,11.8471,11.4863,11.1116,10.7235,10.3204,9.9015,9.4659,9.0131,8.5409,8.0492,7.536,0,0,0,0,0,0,0,0,0,0,0,0,0,0,0,0,0,0,0,0,0,0,0,0,0,0,0,0,0,0,0,0,0,0,0,0,0,0,0,0,0,0,0,0,0,0
"c 0.77",20.0991,19.9862,19.8711,19.7535,19.6335,19.511,19.3859,19.2584,19.1279,18.9945,18.8581,18.7187,18.5761,18.4303,18.2814,18.1287,17.9723,17.8122,17.6482,17.4802,17.3083,17.1318,16.9507,16.7649,16.5743,16.379,16.178,15.9716,15.7594,15.5417,15.3174,15.0866,14.8494,14.6048,14.3528,14.0935,13.8257,13.5498,13.2646,12.9701,12.6664,12.3523,12.0269,11.6907,11.3425,10.9811,10.6069,10.2187,9.8155,9.3966,8.9608,8.508,8.0356,7.5437,0,0,0,0,0,0,0,0,0,0,0,0,0,0,0,0,0,0,0,0,0,0,0,0,0,0,0,0,0,0,0,0,0,0,0,0,0,0,0,0,0,0,0,0,0,0,0
"c 0.78",19.5968,19.4839,19.3687,19.2511,19.1311,19.0086,18.8838,18.756,18.6254,18.492,18.3556,18.2161,18.0735,17.928,17.7788,17.626,17.4696,17.3095,17.1454,16.9778,16.8055,16.629,16.4478,16.262,16.0718,15.8761,15.675,15.4685,15.2568,15.0386,14.8142,14.5838,14.3462,14.1015,13.8499,13.5902,13.3227,13.0464,12.7611,12.4671,12.1633,11.8487,11.5238,11.1869,10.8387,10.4778,10.1036,9.7152,9.312,8.8929,8.4571,8.0042,0,0,0,0,0,0,0,0,0,0,0,0,0,0,0,0,0,0,0,0,0,0,0,0,0,0,0,0,0,0,0,0,0,0,0,0,0,0,0,0,0,0,0,0,0,0,0,0,0
"c 0.79",19.096,18.9831,18.8679,18.7503,18.6302,18.508,18.3829,18.2551,18.1245,17.991,17.8546,17.7151,17.5728,17.4269,17.2777,17.1249,16.9685,16.8083,16.6446,16.4765,16.3043,16.1276,15.9465,15.7611,15.5704,15.3746,15.1735,14.9675,14.7553,14.537,14.3131,14.0822,13.8445,13.6003,13.3482,13.0883,12.8209,12.5445,12.2597,11.9651,11.6612,11.3471,11.0216,10.6853,10.3369,9.976,9.6017,9.2133,8.8099,8.3908,7.9555,0,0,0,0,0,0,0,0,0,0,0,0,0,0,0,0,0,0,0,0,0,0,0,0,0,0,0,0,0,0,0,0,0,0,0,0,0,0,0,0,0,0,0,0,0,0,0,0,0,0
"c 0.8",18.597,18.484,18.3688,18.2515,18.1314,18.0089,17.8837,17.7559,17.6252,17.4917,17.3553,17.2161,17.0735,16.9276,16.7783,16.6254,16.469,16.3092,16.1451,15.977,15.8047,15.628,15.4473,15.2614,15.0707,14.8749,14.6742,14.4677,14.2554,14.0376,13.8132,13.5822,13.345,13.1003,12.8481,12.5887,12.3207,12.0448,11.7594,11.4653,11.1614,10.8466,10.5216,10.1853,9.8369,9.4752,9.1008,8.713,8.3096,0,0,0,0,0,0,0,0,0,0,0,0,0,0,0,0,0,0,0,0,0,0,0,0,0,0,0,0,0,0,0,0,0,0,0,0,0,0,0,0,0,0,0,0,0,0,0,0,0,0,0,0
"c 0.81",18.0998,17.9868,17.8719,17.7542,17.6342,17.5116,17.3864,17.2585,17.1278,16.9947,16.8582,16.7187,16.576,16.4301,16.2807,16.1279,15.9718,15.8116,15.6475,15.4793,15.3074,15.1307,14.9495,14.7636,14.5728,14.3775,14.1764,13.9698,13.7579,13.5396,13.3151,13.0847,12.8469,12.6021,12.3504,12.0905,11.823,11.5464,11.2616,10.9674,10.6629,10.3486,10.0236,9.6865,9.3381,8.977,8.6025,8.2145,0,0,0,0,0,0,0,0,0,0,0,0,0,0,0,0,0,0,0,0,0,0,0,0,0,0,0,0,0,0,0,0,0,0,0,0,0,0,0,0,0,0,0,0,0,0,0,0,0,0,0,0,0
"c 0.82",17.605,17.492,17.3767,17.2591,17.139,17.0163,16.8911,16.7632,16.6329,16.4994,16.3629,16.2233,16.0806,15.9346,15.7856,15.6328,15.4763,15.3161,15.1519,14.9841,14.8118,14.6351,14.4538,14.2683,14.0775,13.8817,13.6805,13.4744,13.262,13.0437,12.8196,12.5886,12.3508,12.1065,11.8542,11.5948,11.3267,11.0507,10.7652,10.471,10.167,9.8527,9.527,9.1905,8.8419,8.4808,0,0,0,0,0,0,0,0,0,0,0,0,0,0,0,0,0,0,0,0,0,0,0,0,0,0,0,0,0,0,0,0,0,0,0,0,0,0,0,0,0,0,0,0,0,0,0,0,0,0,0,0,0,0,0
"c 0.83",17.1121,16.9991,16.8838,16.7661,16.646,16.5233,16.398,16.2705,16.1398,16.0063,15.8697,15.7302,15.5874,15.4418,15.2924,15.1395,14.983,14.8227,14.659,14.4908,14.3184,14.1416,13.9608,13.7748,13.584,13.3881,13.1874,12.9807,12.7683,12.5505,12.3259,12.0948,11.8575,11.6126,11.3608,11.1008,10.8332,10.5566,10.2717,9.9774,9.6727,9.3584,9.0332,8.6966,0,0,0,0,0,0,0,0,0,0,0,0,0,0,0,0,0,0,0,0,0,0,0,0,0,0,0,0,0,0,0,0,0,0,0,0,0,0,0,0,0,0,0,0,0,0,0,0,0,0,0,0,0,0,0,0,0
"c 0.84",16.6216,16.5085,16.3932,16.2755,16.1553,16.033,15.9078,15.7798,15.6491,15.5155,15.379,15.2394,15.097,14.951,14.8016,14.6487,14.4921,14.3322,14.168,13.9998,13.8273,13.651,13.4697,13.2837,13.0928,12.8974,12.6962,12.4894,12.2775,12.0591,11.835,11.6039,11.366,11.1216,10.8693,10.6098,10.3415,10.0655,9.7804,9.4855,9.1814,8.867,8.5417,0,0,0,0,0,0,0,0,0,0,0,0,0,0,0,0,0,0,0,0,0,0,0,0,0,0,0,0,0,0,0,0,0,0,0,0,0,0,0,0,0,0,0,0,0,0,0,0,0,0,0,0,0,0,0,0,0,0
"c 0.85",16.1336,16.0205,15.9052,15.7874,15.6676,15.545,15.4197,15.2917,15.161,15.0273,14.8912,14.7516,14.6088,14.4627,14.3133,14.1603,14.0042,13.8438,13.6796,13.5113,13.3393,13.1625,12.9812,12.7951,12.6047,12.4087,12.2075,12.0012,11.7888,11.5708,11.3462,11.115,10.8777,10.6327,10.3808,10.1207,9.853,9.5768,9.2912,8.9968,8.6926,0,0,0,0,0,0,0,0,0,0,0,0,0,0,0,0,0,0,0,0,0,0,0,0,0,0,0,0,0,0,0,0,0,0,0,0,0,0,0,0,0,0,0,0,0,0,0,0,0,0,0,0,0,0,0,0,0,0,0,0
"c 0.86",15.6483,15.5352,15.4198,15.3025,15.1823,15.0596,14.9343,14.8063,14.6755,14.5423,14.4057,14.2661,14.1232,13.9771,13.8281,13.6751,13.5185,13.3582,13.1939,13.026,12.8536,12.6767,12.4958,12.3098,12.1188,11.9228,11.722,11.5152,11.3032,11.0848,10.86,10.6294,10.3914,10.147,9.8945,9.6349,9.3672,9.0903,8.8052,0,0,0,0,0,0,0,0,0,0,0,0,0,0,0,0,0,0,0,0,0,0,0,0,0,0,0,0,0,0,0,0,0,0,0,0,0,0,0,0,0,0,0,0,0,0,0,0,0,0,0,0,0,0,0,0,0,0,0,0,0,0
"c 0.87",15.1659,15.0532,14.9378,14.82,14.6998,14.5771,14.4517,14.3237,14.1933,14.0597,13.9231,13.7834,13.6405,13.4949,13.3454,13.1924,13.0357,12.8758,12.7115,12.5432,12.3706,12.1942,12.0128,11.8267,11.6362,11.4402,11.2389,11.0326,10.82,10.6015,10.3773,10.1461,9.9086,9.6641,9.4116,9.1519,8.8835,0,0,0,0,0,0,0,0,0,0,0,0,0,0,0,0,0,0,0,0,0,0,0,0,0,0,0,0,0,0,0,0,0,0,0,0,0,0,0,0,0,0,0,0,0,0,0,0,0,0,0,0,0,0,0,0,0,0,0,0,0,0,0,0
"c 0.88",14.6869,14.5738,14.4584,14.3406,14.2203,14.0976,13.9726,13.8446,13.7138,13.5801,13.4434,13.3037,13.1613,13.0152,12.8656,12.7126,12.5564,12.396,12.2317,12.0633,11.8912,11.7143,11.5329,11.3472,11.1562,10.9601,10.7593,10.5524,10.3404,10.1218,9.8976,9.6663,9.4288,9.1837,8.9317,0,0,0,0,0,0,0,0,0,0,0,0,0,0,0,0,0,0,0,0,0,0,0,0,0,0,0,0,0,0,0,0,0,0,0,0,0,0,0,0,0,0,0,0,0,0,0,0,0,0,0,0,0,0,0,0,0,0,0,0,0,0,0,0,0,0
"c 0.89",14.2107,14.0975,13.9821,13.8643,13.744,13.6216,13.4963,13.3682,13.2373,13.1036,12.9674,12.8277,12.6848,12.5386,12.389,12.2364,12.0798,11.9193,11.7549,11.587,11.4145,11.2375,11.0565,10.8704,10.6793,10.4837,10.2823,10.076,9.8633,9.6453,9.4204,9.1897,0,0,0,0,0,0,0,0,0,0,0,0,0,0,0,0,0,0,0,0,0,0,0,0,0,0,0,0,0,0,0,0,0,0,0,0,0,0,0,0,0,0,0,0,0,0,0,0,0,0,0,0,0,0,0,0,0,0,0,0,0,0,0,0,0,0,0,0,0
"c 0.9",13.7377,13.6245,13.5091,13.3916,13.2714,13.1486,13.0232,12.8951,12.7642,12.6309,12.4942,12.3545,12.2115,12.0658,11.9162,11.7631,11.6064,11.4464,11.282,11.1136,10.941,10.7645,10.583,10.3973,10.2063,10.0101,9.8092,9.6022,9.3901,9.1715,0,0,0,0,0,0,0,0,0,0,0,0,0,0,0,0,0,0,0,0,0,0,0,0,0,0,0,0,0,0,0,0,0,0,0,0,0,0,0,0,0,0,0,0,0,0,0,0,0,0,0,0,0,0,0,0,0,0,0,0,0,0,0,0,0,0,0,0,0,0,0
"c 0.91",13.2682,13.1549,13.0399,12.9221,12.8018,12.6789,12.5535,12.4258,12.2949,12.1612,12.0245,11.8847,11.7422,11.596,11.4464,11.2932,11.137,10.9765,10.812,10.6441,10.4714,10.2944,10.1134,9.9272,9.736,9.5404,9.3389,0,0,0,0,0,0,0,0,0,0,0,0,0,0,0,0,0,0,0,0,0,0,0,0,0,0,0,0,0,0,0,0,0,0,0,0,0,0,0,0,0,0,0,0,0,0,0,0,0,0,0,0,0,0,0,0,0,0,0,0,0,0,0,0,0,0,0,0,0,0,0,0,0,0
"c 0.92",12.8026,12.6894,12.5739,12.456,12.3357,12.2128,12.0878,11.9597,11.8288,11.695,11.5587,11.4189,11.2759,11.1297,10.9805,10.8274,10.6706,10.5101,10.3461,10.1776,10.0049,9.8284,9.6469,9.4611,9.27,0,0,0,0,0,0,0,0,0,0,0,0,0,0,0,0,0,0,0,0,0,0,0,0,0,0,0,0,0,0,0,0,0,0,0,0,0,0,0,0,0,0,0,0,0,0,0,0,0,0,0,0,0,0,0,0,0,0,0,0,0,0,0,0,0,0,0,0,0,0,0,0,0,0,0,0
"c 0.93",12.3403,12.2271,12.1116,11.9937,11.8737,11.7509,11.6254,11.4973,11.3663,11.233,11.0962,10.9564,10.8134,10.6676,10.5179,10.3647,10.2084,10.0479,9.8834,9.7154,9.5427,9.3656,0,0,0,0,0,0,0,0,0,0,0,0,0,0,0,0,0,0,0,0,0,0,0,0,0,0,0,0,0,0,0,0,0,0,0,0,0,0,0,0,0,0,0,0,0,0,0,0,0,0,0,0,0,0,0,0,0,0,0,0,0,0,0,0,0,0,0,0,0,0,0,0,0,0,0,0,0,0,0
"c 0.94",11.8818,11.7686,11.6535,11.5356,11.4152,11.2923,11.1668,11.0391,10.9081,10.7743,10.6375,10.4981,10.3551,10.2088,10.0591,9.9064,9.7496,9.5889,9.4249,0,0,0,0,0,0,0,0,0,0,0,0,0,0,0,0,0,0,0,0,0,0,0,0,0,0,0,0,0,0,0,0,0,0,0,0,0,0,0,0,0,0,0,0,0,0,0,0,0,0,0,0,0,0,0,0,0,0,0,0,0,0,0,0,0,0,0,0,0,0,0,0,0,0,0,0,0,0,0,0,0,0
"c 0.95",11.4272,11.3144,11.1989,11.0809,10.9605,10.8376,10.7126,10.5844,10.4534,10.3195,10.1832,10.0433,9.9002,9.7539,9.6047,9.4514,0,0,0,0,0,0,0,0,0,0,0,0,0,0,0,0,0,0,0,0,0,0,0,0,0,0,0,0,0,0,0,0,0,0,0,0,0,0,0,0,0,0,0,0,0,0,0,0,0,0,0,0,0,0,0,0,0,0,0,0,0,0,0,0,0,0,0,0,0,0,0,0,0,0,0,0,0,0,0,0,0,0,0,0,0
"c 0.96",10.9772,10.8639,10.7483,10.6303,10.5104,10.3875,10.2619,10.1337,10.0031,9.8693,9.7324,9.5925,9.4499,0,0,0,0,0,0,0,0,0,0,0,0,0,0,0,0,0,0,0,0,0,0,0,0,0,0,0,0,0,0,0,0,0,0,0,0,0,0,0,0,0,0,0,0,0,0,0,0,0,0,0,0,0,0,0,0,0,0,0,0,0,0,0,0,0,0,0,0,0,0,0,0,0,0,0,0,0,0,0,0,0,0,0,0,0,0,0,0
"c 0.97",10.5308,10.4175,10.3023,10.1844,10.0639,9.941,9.8154,9.6876,9.5566,9.4227,0,0,0,0,0,0,0,0,0,0,0,0,0,0,0,0,0,0,0,0,0,0,0,0,0,0,0,0,0,0,0,0,0,0,0,0,0,0,0,0,0,0,0,0,0,0,0,0,0,0,0,0,0,0,0,0,0,0,0,0,0,0,0,0,0,0,0,0,0,0,0,0,0,0,0,0,0,0,0,0,0,0,0,0,0,0,0,0,0,0,0
"c 0.98",10.0886,9.9758,9.8602,9.7421,9.6217,9.4992,9.3736,0,0,0,0,0,0,0,0,0,0,0,0,0,0,0,0,0,0,0,0,0,0,0,0,0,0,0,0,0,0,0,0,0,0,0,0,0,0,0,0,0,0,0,0,0,0,0,0,0,0,0,0,0,0,0,0,0,0,0,0,0,0,0,0,0,0,0,0,0,0,0,0,0,0,0,0,0,0,0,0,0,0,0,0,0,0,0,0,0,0,0,0,0,0
"c 0.99",9.6513,9.538,9.4223,0,0,0,0,0,0,0,0,0,0,0,0,0,0,0,0,0,0,0,0,0,0,0,0,0,0,0,0,0,0,0,0,0,0,0,0,0,0,0,0,0,0,0,0,0,0,0,0,0,0,0,0,0,0,0,0,0,0,0,0,0,0,0,0,0,0,0,0,0,0,0,0,0,0,0,0,0,0,0,0,0,0,0,0,0,0,0,0,0,0,0,0,0,0,0,0,0,0
"c 1",0,0,0,0,0,0,0,0,0,0,0,0,0,0,0,0,0,0,0,0,0,0,0,0,0,0,0,0,0,0,0,0,0,0,0,0,0,0,0,0,0,0,0,0,0,0,0,0,0,0,0,0,0,0,0,0,0,0,0,0,0,0,0,0,0,0,0,0,0,0,0,0,0,0,0,0,0,0,0,0,0,0,0,0,0,0,0,0,0,0,0,0,0,0,0,0,0,0,0,0,0
