"","Equil.pop","Equil.pop.sd","Equil.pop.se","Equil.harvest","Equil.harvest.sd","Equil.harvest.se","speed","harvest","thresh","steps.harv","steps.move","req"
"1",2333.26622022985,6.00669142661636e-05,3.46796491209597e-06,0,0,0,0,0,NA,101,301,0
"2",2124.01019986087,0.0319715016671499,0.00184587550939255,5.30665293816225,8.36583341905693e-05,4.83001617648809e-06,0,0.01,NA,101,301,0
"3",1912.86496022684,0.120291522476743,0.00694503428831773,9.57772410408067,0.000627899388574748,3.62517881017632e-05,0,0.02,NA,101,301,0
"4",1699.76269300453,0.152686960359958,0.00881538576655676,12.7922892183881,0.00119238294586977,6.88422614775032e-05,0,0.03,NA,116,301,0
"5",1484.69475460529,0.19105772790365,0.011030723063593,14.9291016919665,0.00198415597487581,0.000114555298620876,0,0.04,NA,133,301,0
"6",1267.63351432215,0.238835383881287,0.0137891673175868,15.9663345552399,0.00309221447465301,0.000178529085933297,0,0.05,NA,154,301,0
"7",1048.56321151976,0.319411792795955,0.0184412484553085,15.8818038717612,0.00494930808234099,0.000285748435364196,0,0.06,NA,180,301,0
"8",827.474213733348,0.4464745589404,0.0257772206790559,14.653004841484,0.00804952277042902,0.000464739413835522,0,0.07,NA,216,301,0
"9",604.419049619914,0.676936312766228,0.0390829362399815,12.2583273938464,0.0139103979794278,0.000803117201795749,0,0.08,NA,270,301,0
"10",379.737348954649,1.16097159621873,0.0670287263598391,8.68300646040376,0.0267665278492289,0.00154536620590239,0,0.09,NA,363,301,0
"11",156.63557152143,2.36960511793806,0.136809215271466,3.98858683033933,0.0605463349906538,0.00349564428052992,0,0.1,NA,563,301,0
"12",12.295690710989,2.9883560528165,0.172532817152805,0.345806018642803,0.0840678512010452,0.00485365965211168,0,0.11,NA,671,301,0
"13",1.8100217849485,1.42243485960508,0.0821243149097702,0.0559227481494801,0.0439497501630617,0.00253744000874605,0,0.12,NA,408,301,0
"14",0.620001525776853,0.773413489714194,0.0446530486481378,0.0209026200086465,0.0260752007541634,0.00150545241745898,0,0.13,NA,294,301,0
"15",0.300347324054241,0.485770393703571,0.0280459667569107,0.0109847005729682,0.0177664305426739,0.00102574534563516,0,0.14,NA,232,301,0
"16",0.172449424752469,0.33203888550199,0.0191702739925997,0.00680748013728164,0.013107407511222,0.000756756525498215,0,0.15,NA,193,301,0
"17",0.113860622492858,0.249736397090737,0.0144185376086785,0.00483001409499547,0.0105939808442627,0.000611643769222483,0,0.16,NA,165,301,0
"18",0.0782096288276049,0.190338369209654,0.0109891908700308,0.00355148091658177,0.00864326007883541,0.000499018853319157,0,0.17,NA,145,301,0
"19",0.0550878992504166,0.146196434084133,0.00844065505730376,0.00266869407625986,0.00708240797231186,0.000408903014932501,0,0.18,NA,130,301,0
"20",0.0428079298783949,0.122369585509363,0.00706501131344538,0.00220567994674597,0.00630511674722454,0.00036402608512821,0,0.19,NA,117,301,0
"21",0.0328158803889025,0.100117667755163,0.00578029624290806,0.00179348622599434,0.00547174536176376,0.000315911365755139,0,0.2,NA,107,301,0
"22",2331.13524638917,0.00622817328597523,0.000359583752321743,0,0,0,0.02,0,NA,101,349,0
"23",2117.84598655788,1.12709922683143,0.0650731042014546,5.42395759863756,0.0862677285521817,0.00498066963019797,0.02,0.01,NA,101,349,0
"24",1902.54227176487,2.08016085517431,0.120098142969261,9.76411627375939,0.154256863685813,0.00890602417733514,0.02,0.02,NA,101,349,0
"25",1685.20023902066,2.84352618081884,0.16417106059435,12.9985450395025,0.204485720569034,0.0118059885815966,0.02,0.03,NA,116,349,0
"26",1465.80868906523,3.40846783354134,0.196787982121927,15.1049577909182,0.237277137679862,0.0136992019312012,0.02,0.04,NA,133,349,0
"27",1244.37723515519,3.7849963865055,0.218526868263071,16.060975446584,0.252716093140153,0.0145905704403018,0.02,0.05,NA,154,349,0
"28",1020.9673198986,4.04067473714162,0.233288464719643,15.844874590659,0.250829009416332,0.0144816196107086,0.02,0.06,NA,180,349,0
"29",795.770459842284,4.39943108127725,0.254001271905663,14.4376856349609,0.232881224069094,0.0134454037405501,0.02,0.07,NA,216,349,0
"30",569.381347220575,5.40208832983727,0.311889715141768,11.8305897479831,0.207791331339361,0.0119968381084051,0.02,0.08,NA,270,349,0
"31",343.952954749723,7.68356190977347,0.443610653694287,8.05731464329595,0.211572648138351,0.0122151525355839,0.02,0.09,NA,363,349,0
"32",129.824369420548,9.49527854136079,0.548210162188513,3.38738524093299,0.249956398043841,0.0144312393696281,0.02,0.1,NA,563,349,0
"33",8.23294449720211,3.06557317615834,0.176990949847551,0.237294799298988,0.0880435423721241,0.00508319628889541,0.02,0.11,NA,671,349,0
"34",0.910081167927569,0.829856933808135,0.0479118124123004,0.0287902557519873,0.0261477386180071,0.00150964039298064,0.02,0.12,NA,408,349,0
"35",0.228489476890468,0.309958538798205,0.0178954645812767,0.00787787664848828,0.0106332033799083,0.000613908283373809,0.02,0.13,NA,294,349,0
"36",0.0795488161639376,0.136325211884107,0.00787073977786217,0.002971372912756,0.00506082040248788,0.000292186602169673,0.02,0.14,NA,232,349,0
"37",0.0324262076225505,0.0652941301367393,0.00376975836109489,0.00130550558262584,0.00260998493729163,0.000150687550612619,0.02,0.15,NA,193,349,0
"38",0.0150818157657568,0.0343243724454763,0.00198171856711607,0.000651588116429007,0.00147118102895123,8.49386763091661e-05,0.02,0.16,NA,165,349,0
"39",0.00725722800891514,0.0182282057428809,0.00105240594924962,0.000335158222531147,0.000834731711011676,4.81932578053708e-05,0.02,0.17,NA,145,349,0
"40",0.003564858904966,0.00972464329902628,0.000561452542646591,0.000175390980405399,0.000474302482384933,2.73838665882249e-05,0.02,0.18,NA,130,349,0
"41",0.00192425923048182,0.00563576227034962,0.000325380886387509,0.000100556769703818,0.00029195043937894,1.68557664765461e-05,0.02,0.19,NA,117,349,0
"42",0.00102092671157157,0.00318260883755484,0.000183748006908757,5.65153566608079e-05,0.000174677418549002,1.00850054620615e-05,0.02,0.2,NA,107,349,0
"43",2317.56956279947,0.0566390518945718,0.00327005718579762,0,0,0,0.04,0,NA,101,349,0
"44",2104.27022245447,0.54148132078207,0.0312624386314682,5.39151904943608,0.0862191383885223,0.00497786427579109,0.04,0.01,NA,101,349,0
"45",1888.89130524383,0.94715484375447,0.0546840104005901,9.69828831810943,0.155238943125035,0.00896272456019522,0.04,0.02,NA,101,398,0
"46",1671.49173477915,1.26931457144455,0.0732839109509823,12.8984883077699,0.206709433140161,0.0119343746867507,0.04,0.03,NA,116,398,0
"47",1451.98238534584,1.48090999884241,0.0855003786477275,14.9691156784724,0.240296169243308,0.013873505799786,0.04,0.04,NA,133,447,0
"48",1230.34743433022,1.58136434006076,0.0913001127420955,15.8869523988815,0.25556572465319,0.0147550939924161,0.04,0.05,NA,154,643,0
"49",1006.5494878825,1.56529970535141,0.0903726206247076,15.628015244061,0.252038211641844,0.0145514329337491,0.04,0.06,NA,180,643,0
"50",780.549800815356,1.42766482912829,0.082426267340978,14.1676360559202,0.229169188814139,0.0132310892851812,0.04,0.07,NA,216,643,0
"51",552.333890009293,1.16526467035947,0.0672765871109198,11.4809723399718,0.186342421286231,0.0107584847091052,0.04,0.08,NA,270,643,0
"52",332.488792469221,9.02743904828745,0.52119943646217,7.79295675311144,0.245726245417897,0.0141870113938979,0.04,0.09,NA,363,349,0
"53",122.630266637653,11.0598752469892,0.638542195105288,3.20187925793167,0.293665869680844,0.0169548068912041,0.04,0.1,NA,563,349,0
"54",7.63613940421167,3.09717760886273,0.178815632620498,0.220345173501752,0.0893901750036841,0.00516094416012848,0.04,0.11,NA,671,349,0
"55",0.856015598650976,0.804523082598639,0.0464491618307592,0.0271328798312994,0.0254815067701241,0.00147117547930884,0.04,0.12,NA,408,349,0
"56",0.216940286941465,0.298987375850085,0.0172620441931347,0.00750154422593313,0.0103267647276923,0.000596216039539111,0.04,0.13,NA,294,349,0
"57",0.075898126465166,0.131410600342988,0.00758699454823947,0.00284623798386437,0.00492033807893026,0.000284075851437435,0.04,0.14,NA,232,349,0
"58",0.0310168633755708,0.0629464450567966,0.00363421469980715,0.00125504800440431,0.00254194774750931,0.000146759421629047,0.04,0.15,NA,193,349,0
"59",0.0144459031108099,0.0331007362916906,0.00191107190083824,0.000627928160457462,0.00143526586828535,8.28651135413228e-05,0.04,0.16,NA,165,349,0
"60",0.00695628139655181,0.0175859788362176,0.00101532696150533,0.000323564397112474,0.000815581472675568,4.7087618279531e-05,0.04,0.17,NA,145,349,0
"61",0.00341831893072476,0.0093868677264813,0.000541951060873139,0.000169560582493092,0.000464015501187084,2.67899474518522e-05,0.04,0.18,NA,130,349,0
"62",0.00184549920683807,0.00544317943394143,0.000314262111143352,9.73259661993919e-05,0.000285921452000359,1.65076827279496e-05,0.04,0.19,NA,117,349,0
"63",0.000979220014065096,0.00307578804512525,0.000177580705582329,5.47532420397393e-05,0.000171216391707543,9.88518298420261e-06,0.04,0.2,NA,107,349,0
"64",2291.73640640836,0.00485523599502633,0.000280317180870761,0,0,0,0.06,0,NA,101,398,0
"65",2078.35847014756,0.472209727986177,0.0272630413566779,5.3259984974778,0.0852659862264876,0.00492283401005815,0.06,0.01,NA,101,349,0
"66",1862.93070794384,0.826282404502677,0.0477054368666272,9.56662132453731,0.153376899958014,0.00885521944782295,0.06,0.02,NA,101,349,0
"67",1645.48983524618,1.17757970278696,0.0679875958396289,12.700080922686,0.203976612088372,0.011776595189761,0.06,0.03,NA,116,349,0
"68",1425.57115789787,1.05709211001399,0.0610312414274808,14.6994091288351,0.236466333845585,0.0136523901500032,0.06,0.04,NA,133,447,0
"69",1203.80191742802,1.12762821164765,0.0651036451540589,15.5469856555222,0.250586175555753,0.0144675995912313,0.06,0.05,NA,154,447,0
"70",979.907825240002,1.12447584716775,0.0649216433059532,15.2172031614991,0.245799469313099,0.0141912389774585,0.06,0.06,NA,180,447,0
"71",756.800054066117,5.13417278358608,0.296421603866947,13.7401059398722,0.24065229779425,0.0138940668912612,0.06,0.07,NA,216,349,0
"72",531.906169385498,8.27131808894926,0.477544772520788,11.0601239162446,0.248951588164149,0.0143732266441756,0.06,0.08,NA,270,349,0
"73",310.755721737808,12.8322604911922,0.740870904890122,7.28596754902017,0.3248155110893,0.0187532322764373,0.06,0.09,NA,363,349,0
"74",102.463129434057,11.2366292579082,0.648747092683733,2.67630981406163,0.297301082035868,0.0171646859743775,0.06,0.1,NA,563,398,0
"75",6.66647465677891,3.15037918806221,0.181887227227711,0.192522492950702,0.0910457479996501,0.00525652871161688,0.06,0.11,NA,671,349,0
"76",0.769519744722854,0.766362497312149,0.0442459594120003,0.0244156463949409,0.0243171426757155,0.00140395088697469,0.06,0.12,NA,408,349,0
"77",0.198834222933431,0.282807853754184,0.0163279190493919,0.00688404177650139,0.00979007820517795,0.000565230428714698,0.06,0.13,NA,294,349,0
"78",0.0703233256647761,0.124305306312171,0.00717677020610307,0.00264118999598849,0.00466711177528782,0.000269455823980049,0.06,0.14,NA,232,349,0
"79",0.0289237868917405,0.0596001984243115,0.00344101906040313,0.00117246435222688,0.00241465436903057,0.00013941013499597,0.06,0.15,NA,193,349,0
"80",0.0135265398833724,0.0313695591363603,0.00181112234117375,0.000589193657584033,0.00136532084243133,7.88268355907936e-05,0.06,0.16,NA,165,349,0
"81",0.00653185616846234,0.0166782362818023,0.000962918420690672,0.00030454530902023,0.000776786920216395,4.48478137489916e-05,0.06,0.17,NA,145,349,0
"82",0.00321618971439319,0.00890721848280765,0.000514258498877981,0.000159960454738033,0.000442407524499151,2.55424103361101e-05,0.06,0.18,NA,130,349,0
"83",0.0017389391724716,0.00516716741577417,0.000298326549844508,9.1978422596828e-05,0.000272853676945385,1.57532143833797e-05,0.06,0.19,NA,117,349,0
"84",0.000923706281490698,0.00292071403430664,0.000168627503393285,5.18178260127103e-05,0.000163520127474317,9.44083896152186e-06,0.06,0.2,NA,107,349,0
"85",2253.90879551513,0.0760757740343343,0.0043922368617532,0,0,0,0.08,0,NA,101,370,0
"86",2040.76759357411,0.604437699932456,0.0348972268764362,5.21666549569087,0.0857495702874366,0.00495075374883463,0.08,0.01,NA,101,349,0
"87",1825.56659528502,0.979730667103403,0.0565647764385481,9.35144195757245,0.154008434359774,0.00889168110350886,0.08,0.02,NA,101,349,0
"88",1607.90246627178,0.719349419628924,0.0415316581064161,12.3790074416123,0.204186633188591,0.0117887207636356,0.08,0.03,NA,116,601,0
"89",1389.95136308376,3.67649751780759,0.212262683158121,14.2969121720117,0.239097605532074,0.0138043066916538,0.08,0.04,NA,133,335,0
"90",1169.24369874917,5.17820435190533,0.298963767649143,15.0638500033896,0.258047610555102,0.0148983857417728,0.08,0.05,NA,154,335,0
"91",943.091979301695,0.863991882238009,0.0498825945787766,14.6089717250017,0.242419699018295,0.013996107848508,0.08,0.06,NA,180,601,0
"92",722.946332514502,9.05779370827096,0.522951963573434,13.0935534739593,0.273110006831358,0.0157680135962465,0.08,0.07,NA,216,342,0
"93",499.238554616288,12.173593307013,0.702842737280897,10.3558337326902,0.307065862295441,0.0177284558255217,0.08,0.08,NA,270,349,0
"94",280.105953506562,15.6473685499988,0.903401244445111,6.55177881589678,0.38339530368429,0.0221353381788163,0.08,0.09,NA,363,363,0
"95",82.463589752803,12.5796050464488,0.726283835986639,2.14928672071542,0.33017533986835,0.0190626821352768,0.08,0.1,NA,563,419,0
"96",5.14063852684409,2.86016217549186,0.165131540194621,0.148187577721124,0.0824931683360461,0.00476274529451213,0.08,0.11,NA,671,363,0
"97",0.99519340548122,1.06069563138368,0.0612392908307629,0.0315193354066057,0.0336000919851633,0.00193990221524302,0.08,0.12,NA,408,321,0
"98",0.434382825756763,0.641442594203692,0.0370337054433194,0.0150125698539199,0.022170508057282,0.00128001487949425,0.08,0.13,NA,294,307,0
"99",0.212418602624836,0.384780156364371,0.0222152926855796,0.00796407695307688,0.0144263081791086,0.000832903291062084,0.08,0.14,NA,232,307,0
"100",0.120461794457128,0.252660150642528,0.0145873405986955,0.00487477469953578,0.0102236407396145,0.000590262173311448,0.08,0.15,NA,193,307,0
"101",0.0776479970518488,0.182550260741616,0.0105395442179808,0.00337664690853243,0.0079371104254274,0.00045824928407083,0.08,0.16,NA,165,307,0
"102",0.0517225646844266,0.133520115235777,0.00770878744736056,0.00240772925913984,0.00621377673345131,0.000358752566974235,0.08,0.17,NA,145,307,0
"103",0.035181015311008,0.0983150779468348,0.00567622367180041,0.00174712844945004,0.00488056516019555,0.000281779560903641,0.08,0.18,NA,130,307,0
"104",0.0263244357872187,0.0788149006944209,0.00455038041320775,0.00139041474988825,0.00416077849255517,0.000240222658271513,0.08,0.19,NA,117,307,0
"105",0.0193907308414185,0.0617078079703653,0.00356270195427922,0.00108634057352139,0.00345489973049271,0.000199468728942313,0.08,0.2,NA,107,307,0
"106",2204.18319822486,0.020298636376656,0.00117194231762447,0,0,0,0.1,0,NA,101,398,0
"107",1990.37788021496,0.946834947961501,0.0546655412083718,5.09575661399814,0.0835518810854963,0.00482387010360109,0.1,0.01,NA,101,349,0
"108",1774.4258826887,1.46888179845173,0.0848059301743851,9.10363763118027,0.149678089483173,0.0086416685254899,0.1,0.02,NA,101,349,0
"109",1556.53352161204,2.20869501821942,0.127519066332677,12.0024120923892,0.198250871173246,0.0114460193838952,0.1,0.03,NA,116,349,0
"110",1336.77291584826,3.31909045220514,0.191627776604535,13.7713652625146,0.229814708147858,0.0132683583612901,0.1,0.04,NA,133,349,0
"111",1115.31798758737,5.04726062785178,0.291403728216043,14.3916199137074,0.247218893578655,0.0142731894756398,0.1,0.05,NA,154,349,0
"112",889.373089572047,2.1350044951214,0.12326454199794,13.7988131089234,0.230768807622978,0.0133234433201695,0.1,0.06,NA,180,398,0
"113",669.601303814718,12.1087145589612,0.699096961015661,12.1472118175074,0.301747659275142,0.0174214092309843,0.1,0.07,NA,216,349,0
"114",440.811753075138,9.10539048564399,0.525699964796321,9.15798842603542,0.245171005171855,0.0141549545833462,0.1,0.08,NA,270,398,0
"115",228.766582112566,16.7416981335641,0.966582392410471,5.36027642760961,0.405150061387941,0.0233913497004521,0.1,0.09,NA,363,398,0
"116",48.1779665227802,10.4625036474076,0.604052929722822,1.25842191592033,0.274616144579636,0.015854970499687,0.1,0.1,NA,563,496,0
"117",2.86931302241264,1.98396247943039,0.114544127156125,0.0829619844852778,0.0574081319957593,0.00331446004614252,0.1,0.11,NA,671,398,0
"118",0.54873013624394,0.645999194154242,0.0372967808641233,0.0174346931802978,0.0205353006693583,0.00118560613693439,0.1,0.12,NA,408,349,0
"119",0.150268079525132,0.235349810874745,0.0135879276662261,0.00521061896784027,0.00816430961023468,0.000471366635121644,0.1,0.13,NA,294,349,0
"120",0.0549394363547486,0.103675739398702,0.00598572160502741,0.00206690352467151,0.00390190207727432,0.000225276421466589,0.1,0.14,NA,232,349,0
"121",0.0230598306792974,0.0499039752051395,0.00288120735183197,0.000936493217394732,0.0020273393017511,0.00011704848916047,0.1,0.15,NA,193,349,0
"122",0.0109303678653976,0.0263579366129779,0.00152177617987859,0.000477069366030489,0.00115074326645163,6.64381934653995e-05,0.1,0.16,NA,165,349,0
"123",0.00532862203660589,0.0140532531573847,0.0008113649493406,0.000248989209539502,0.000656807997530424,3.79208274180089e-05,0.1,0.17,NA,145,349,0
"124",0.00264226319632522,0.00752208083787351,0.00043428753966124,0.000131727400878838,0.000375066378396743,2.16544674531338e-05,0.1,0.18,NA,130,349,0
"125",0.00143634499689784,0.00437135043168632,0.000252380034845628,7.61679564090628e-05,0.000231831197418498,1.33847804236123e-05,0.1,0.19,NA,117,349,0
"126",0.000766204628604657,0.00247434553863557,0.00014285640627994,4.31011885037066e-05,0.000139193320215091,8.03633008955806e-06,0.1,0.2,NA,107,349,0
"127",2142.77797992608,0.0363558995055094,0.00209900883661369,0,0,0,0.12,0,NA,101,398,0
"128",1928.19420685924,0.233556226229154,0.0134843750084315,4.93229640880256,0.082128261652952,0.00474167739734078,0.12,0.01,NA,101,398,0
"129",1711.58235476768,0.426394685004177,0.0246179086168187,8.77360094470491,0.146371052911408,0.00845073667999701,0.12,0.02,NA,101,398,0
"130",1492.93321107848,0.623326636850574,0.0359877801578743,11.5019183798584,0.192284432915111,0.0111015469104514,0.12,0.03,NA,116,398,0
"131",1272.27369787398,0.93727728803047,0.0541137294549714,13.0952957006578,0.219485831411097,0.0126720203848505,0.12,0.04,NA,133,398,0
"132",1049.72699978815,1.64897406459516,0.0952035620080726,13.5330731073101,0.228070049242282,0.0131676304324123,0.12,0.05,NA,154,398,0
"133",823.782150453682,0.577552437561586,0.0333450055297306,12.7697990876369,0.214806122179515,0.0124018372463923,0.12,0.06,NA,180,643,0
"134",601.429664422491,6.87125614226207,0.396712158340587,10.9002557638894,0.222823243750047,0.0128647059760795,0.12,0.07,NA,216,398,0
"135",381.317188293714,13.8252709120009,0.798202388266322,7.91618684477973,0.318892754194371,0.0184112817476741,0.12,0.08,NA,270,398,0
"136",170.159192366937,16.0054606174314,0.9240756995978,3.98420220776984,0.382241709667518,0.0220687353972044,0.12,0.09,NA,363,447,0
"137",19.9851777235774,6.33625014298962,0.365823572570786,0.521978146770818,0.165827448006342,0.00957405217454902,0.12,0.1,NA,563,594,0
"138",1.97447890451767,1.65666088134828,0.0956473605802351,0.057115314285537,0.047942545034971,0.00276796412815763,0.12,0.11,NA,671,398,0
"139",0.440754273112432,0.570559062937297,0.0329412428575429,0.0140096908301949,0.0181405820564703,0.00104734699335596,0.12,0.12,NA,408,349,0
"140",0.124823485624455,0.207260774678145,0.0119662064052877,0.00432982311209266,0.00719095432522024,0.000415169941539621,0.12,0.13,NA,294,349,0
"141",0.0465424570763364,0.0915260317783158,0.00528425790850688,0.00175151482077457,0.00344500965453016,0.000198897725140385,0.12,0.14,NA,232,349,0
"142",0.0197798848750129,0.0441805925468282,0.00255076769998684,0.000803490638553334,0.00179496920573924,0.000103632595412064,0.12,0.15,NA,193,349,0
"143",0.00945569179368923,0.0233918427353839,0.00135052867001153,0.000412792163000752,0.00102130888734699,5.89652961035542e-05,0.12,0.16,NA,165,349,0
"144",0.00463815470194969,0.0124966364427889,0.000721493641420908,0.000216764301321409,0.000584082409446778,3.37220136323022e-05,0.12,0.17,NA,145,349,0
"145",0.00231060578514001,0.00669972694801219,0.000386808915693183,0.000115210175138896,0.000334073034536427,1.92877156418601e-05,0.12,0.18,NA,130,349,0
"146",0.00126062474756685,0.00389862980271109,0.000225087496606594,6.68581749856332e-05,0.000206765098753929,1.193758854246e-05,0.12,0.19,NA,117,349,0
"147",0.00067442656227733,0.00220920165900298,0.000127548317251954,3.79425415360216e-05,0.000124278703976967,7.17523431956395e-06,0.12,0.2,NA,107,349,0
"148",2069.80583660035,0.0630107447205218,0.00363792704262321,0,0,0,0.14,0,NA,101,398,0
"149",1854.630467289,0.251664091540924,0.0145298330996515,4.7386723998877,0.0804579828878433,0.00464524380787507,0.14,0.01,NA,101,398,0
"150",1637.42985589964,0.469983735754795,0.0271345236352777,8.38382792195897,0.142661568864462,0.00823656951869113,0.14,0.02,NA,101,398,0
"151",1418.21238941212,0.762007848792514,0.0439945436624966,10.9136425614603,0.18617864992682,0.010749029365261,0.14,0.03,NA,116,398,0
"152",1197.04858648848,1.3257416841396,0.0765417318213907,12.3067900015429,0.210776635407413,0.0121691947191354,0.14,0.04,NA,133,398,0
"153",973.157721904197,0.814513892299518,0.0470259814977817,12.5312171433429,0.214856852465797,0.0124047661608364,0.14,0.05,NA,154,447,0
"154",750.296987336362,5.23764021699267,0.302395298919913,11.6179498799953,0.216036294726705,0.0124728612915192,0.14,0.06,NA,180,398,0
"155",527.629883448038,10.6833325864412,0.616802494462414,9.55231682196488,0.255994322669475,0.0147798391104238,0.14,0.07,NA,216,398,0
"156",304.113648369573,12.0134325473318,0.693595851509342,6.30614936353353,0.273707111265807,0.0158024874368428,0.14,0.08,NA,270,447,0
"157",108.931822861062,15.4476142437236,0.891868424195134,2.54861089642964,0.365164139246484,0.0210827614092355,0.14,0.09,NA,363,496,0
"158",6.63674191625451,3.20766331160751,0.185194527642628,0.173385810241868,0.0838915067461805,0.00484347840026306,0.14,0.1,NA,563,643,0
"159",1.29728595470456,1.30097154119795,0.0751116269518679,0.0375481001497749,0.0376715226101044,0.00217496637197268,0.14,0.11,NA,671,398,0
"160",0.344576947223516,0.490779718906151,0.0283351802823275,0.0109594426878403,0.0156146235859708,0.00090151071306549,0.14,0.12,NA,408,349,0
"161",0.100906510016076,0.178261574813089,0.0102919368204503,0.00350246803297493,0.00618911078358476,0.000357328477694708,0.14,0.13,NA,294,349,0
"162",0.0383872863821972,0.078983038684066,0.00456008786456601,0.00144557869091754,0.00297493381306291,0.000171757883779319,0.14,0.14,NA,232,349,0
"163",0.016528273667219,0.0382531206754578,0.00220854495193188,0.000671863578870368,0.00155517217474859,8.97879073727311e-05,0.14,0.15,NA,193,349,0
"164",0.00797356584564097,0.0203106503748385,0.00117263594613294,0.000348330896734062,0.000887327569553706,5.12298811141209e-05,0.14,0.16,NA,165,349,0
"165",0.0039374745526001,0.0108757441725935,0.000627911382568434,0.000184146824798472,0.000508607222800202,2.93644516995484e-05,0.14,0.17,NA,145,349,0
"166",0.00197166232840427,0.00584187762135942,0.000337280961726471,9.83789074276042e-05,0.000291439958191184,1.68262938314294e-05,0.14,0.18,NA,130,349,0
"167",0.00108009077135491,0.00340485141954571,0.000196579188362539,5.73233784491685e-05,0.00018065132534284,1.04299091316152e-05,0.14,0.19,NA,117,349,0
"168",0.000579751388994552,0.00193197990261573,0.000111542911684414,3.26386784764905e-05,0.000108718572443753,6.27686970663124e-06,0.14,0.2,NA,107,349,0
"169",1985.38112586771,0.107594935154362,0.0062119964774811,0,0,0,0.16,0,NA,101,398,0
"170",1769.50197337617,0.273058470539602,0.0157650381470547,4.51507932817241,0.0777409173779163,0.00448837395751884,0.16,0.01,NA,101,398,0
"171",1551.60960943957,0.535869093267914,0.0309384165248631,7.93369364355139,0.136956628935869,0.00790719465834279,0.16,0.02,NA,101,398,0
"172",1331.7429968921,1.00861173194781,0.0582322254947881,10.2343671905121,0.177277372503812,0.0102351138736306,0.16,0.03,NA,116,398,0
"173",1110.04823639748,1.98609829857523,0.114667438731947,11.3969089412816,0.198917692257731,0.011484518317158,0.16,0.04,NA,133,398,0
"174",886.956940128689,4.0373142292927,0.233094445708525,11.4061203965347,0.20570944593044,0.0118766403982788,0.16,0.05,NA,154,398,0
"175",663.728239784551,8.230516130557,0.475189070354664,10.2639481399134,0.221585165455353,0.0127932254924076,0.16,0.06,NA,180,398,0
"176",436.846343531621,8.04582537334216,0.464525944515182,7.89768269311255,0.202245892926437,0.0116766720723575,0.16,0.07,NA,216,447,0
"177",219.287962478486,12.1369782518155,0.700728766083434,4.54150405076148,0.265288621129563,0.0153164456822098,0.16,0.08,NA,270,496,0
"178",47.8988306948302,10.6333598855631,0.613917319232001,1.11985363882216,0.249804860102153,0.0144224903224855,0.16,0.09,NA,363,594,0
"179",2.20333457598982,1.52288165093974,0.0879236131114003,0.0575934127428323,0.0398424375639416,0.00230030420527126,0.16,0.1,NA,563,643,0
"180",0.3831504946842,0.45014303629398,0.0259890203178165,0.0110973099950771,0.0130467243491284,0.000753252981501213,0.16,0.11,NA,671,447,0
"181",0.263532821140447,0.411738212642352,0.0237717167904717,0.00838853855869259,0.0131157627064032,0.000757238912916913,0.16,0.12,NA,408,349,0
"182",0.0796520776503314,0.149849201297963,0.00865154767072293,0.00276722950736901,0.00521025327059377,0.000300814112832344,0.16,0.13,NA,294,349,0
"183",0.030898224609527,0.0666424880010907,0.00384760583868961,0.0011647383576328,0.00251447672163812,0.000145173381210882,0.16,0.14,NA,232,349,0
"184",0.0134775710265505,0.0323850412613231,0.0018697512289942,0.000548475662190923,0.00131929313899429,7.61694248938378e-05,0.16,0.15,NA,193,349,0
"185",0.00656196004565877,0.0172421261909359,0.000995474619773832,0.000287025904935993,0.00075505921615711,4.35933641702415e-05,0.16,0.16,NA,165,349,0
"186",0.00326261113619633,0.00925282062154317,0.000534211847661127,0.000152798953603803,0.000433894431777569,2.50509066986659e-05,0.16,0.17,NA,145,349,0
"187",0.0016423243557184,0.00497877970092372,0.000287449980056415,8.20733335638169e-05,0.000249156846499556,1.43850772396957e-05,0.16,0.18,NA,130,349,0
"188",0.000903407232002233,0.00290584722597582,0.000167769167814107,4.80284426850808e-05,0.000154719659087758,8.93274368232442e-06,0.16,0.19,NA,117,349,0
"189",0.000486530036547267,0.00165067378472576,9.53016953955675e-05,2.74421563871969e-05,9.32561072488602e-05,5.3841438623706e-06,0.16,0.2,NA,107,349,0
"190",1889.53883731095,0.010523377814833,0.000607567501417798,0,0,0,0.18,0,NA,101,447,0
"191",1672.92306730111,0.399494463443132,0.0230648236008658,4.26117335507392,0.0759095399599838,0.00438263933299573,0.18,0.01,NA,101,398,0
"192",1453.97731714452,0.253426954196467,0.0146316120225237,7.4213675363005,0.132501098957801,0.00764995451512078,0.18,0.02,NA,101,447,0
"193",1233.70085217712,1.58980611732611,0.0917874989797545,9.46421722864724,0.170079701843378,0.00981955616429656,0.18,0.03,NA,116,398,0
"194",1011.52882428421,3.19974789270982,0.184737530719496,10.3671207630722,0.189611215719245,0.0109472086436878,0.18,0.04,NA,133,398,0
"195",785.77637881251,1.98616178138366,0.1146711039136,10.0866744516658,0.183724305182047,0.0106073277053532,0.18,0.05,NA,154,447,0
"196",561.238472803654,5.36100802001519,0.309517942348352,8.66318571616823,0.178461548600691,0.0103034823124607,0.18,0.06,NA,180,447,0
"197",342.759269733207,13.2843935330506,0.76697481823277,6.18668089876299,0.267856781120081,0.0154647184683946,0.18,0.07,NA,216,447,0
"198",132.682849009313,13.1860341429719,0.761296036198843,2.74397362604874,0.278753565545694,0.0160938446105375,0.18,0.08,NA,270,545,0
"199",15.1308056041002,6.11088266610347,0.352811975226106,0.353680858792489,0.143160984397798,0.00826540328795203,0.18,0.09,NA,363,643,0
"200",1.10481632331862,1.01175625606328,0.058413774679242,0.0288954525869082,0.0264855765097642,0.00152914547275548,0.18,0.1,NA,563,594,0
"201",0.505115264256314,0.683925204498263,0.0394864400922642,0.0146393796310923,0.0198385729786731,0.0011453805449575,0.18,0.11,NA,671,398,0
"202",0.19817003201154,0.338182479020204,0.019524974529753,0.00631219990682602,0.0107817877365463,0.000622486805204038,0.18,0.12,NA,408,349,0
"203",0.0616616051011073,0.123546236108407,0.0071329452674554,0.00214371105067072,0.00429951956820413,0.000248232878008872,0.18,0.13,NA,294,349,0
"204",0.0243690199336706,0.0551842149758427,0.00318606213713209,0.000919277808799392,0.00208406952898794,0.000120323810357108,0.18,0.14,NA,232,349,0
"205",0.0107667476424482,0.0269176191673553,0.00155408946722164,0.000438483782518947,0.00109761131355009,6.33706187343725e-05,0.18,0.15,NA,193,349,0
"206",0.00529132702689419,0.0143754079734488,0.000829964566318133,0.000231624181743099,0.000630145201350907,3.63814501628497e-05,0.18,0.16,NA,165,349,0
"207",0.00264960271153141,0.00773383069977327,0.000446512923638109,0.00012418679315078,0.000363038145328999,2.096001709318e-05,0.18,0.17,NA,145,349,0
"208",0.00134120722130204,0.00417003543946005,0.000240757108350254,6.7078896654542e-05,0.000208909284376631,1.2061383157106e-05,0.18,0.18,NA,130,349,0
"209",0.000741089353554918,0.00243799632694949,0.000140757783564761,3.94311477443873e-05,0.000129956423483054,7.50303760808623e-06,0.18,0.19,NA,117,349,0
"210",0.000400588213629338,0.00138689289701432,8.00722987428395e-05,2.26134907731593e-05,7.84474037976355e-05,4.52916296997921e-06,0.18,0.2,NA,107,349,0
"211",1782.43894694185,0.0212827577861032,0.00122876059369043,0,0,0,0.2,0,NA,101,447,0
"212",1564.98187689703,0.643998381246874,0.0371812638770566,3.97920119353112,0.0721844802333992,0.00416757290940663,0.2,0.01,NA,101,398,0
"213",1345.48717851317,1.2945241226117,0.0747393850662328,6.85550446596205,0.124931994017167,0.00721295203762079,0.2,0.02,NA,101,398,0
"214",1124.25220644724,2.58980075167613,0.149522216112771,8.60931173180726,0.158658823675416,0.00916017145583106,0.2,0.03,NA,116,398,0
"215",899.639729288252,1.36880633079048,0.0790280703550347,9.20364810726538,0.169042655728209,0.00975968227892109,0.2,0.04,NA,133,447,0
"216",675.082067837016,3.66298114734746,0.211482315145758,8.65037527303786,0.166339596156482,0.00960362106178386,0.2,0.05,NA,154,447,0
"217",452.794756762118,9.45643326248961,0.545967428967211,6.97734137608657,0.196752265080265,0.0113594973207759,0.2,0.06,NA,180,447,0
"218",235.365421610076,13.4755596642148,0.778011799961527,4.24116542720461,0.257293227990185,0.0148548314440801,0.2,0.07,NA,216,496,0
"219",52.3177461535708,10.0188131453546,0.578436446643103,1.08081609603336,0.208448800284098,0.0120347970956278,0.2,0.08,NA,270,643,0
"220",4.24500218424513,2.78712416442517,0.160914688659578,0.0992714267602885,0.065271170614909,0.00376843279248397,0.2,0.09,NA,363,643,0
"221",0.686477949491948,0.783252006642042,0.0452210756878098,0.0179678484998483,0.0205248217346026,0.00118500113535419,0.2,0.1,NA,563,545,0
"222",0.302568548851277,0.463618571712384,0.0267670307179455,0.00877657625657706,0.0134652401828766,0.000777416004428678,0.2,0.11,NA,671,398,0
"223",0.146727485259276,0.272054802155838,0.0157070913259003,0.0046780921807954,0.00868631006065135,0.000501504345178161,0.2,0.12,NA,408,349,0
"224",0.046852200778301,0.0998518176025967,0.00576494737719326,0.00163057483551584,0.00348068056655309,0.000200957186206253,0.2,0.13,NA,294,349,0
"225",0.0188375133810432,0.0448005491502815,0.00258656091117581,0.000711437746857975,0.00169500549411784,9.78611878306829e-05,0.2,0.14,NA,232,349,0
"226",0.00842470233292186,0.0219347868934402,0.00126640551175448,0.000343537356498133,0.000896193845382974,5.17417757877946e-05,0.2,0.15,NA,193,349,0
"227",0.00417792254172122,0.0117504143589344,0.000678410489322043,0.000183137008037994,0.000516165574983634,2.98008333663219e-05,0.2,0.16,NA,165,349,0
"228",0.00210669359323686,0.00633763093646921,0.0003659032927195,9.88868311517984e-05,0.000298160968222306,1.72143315264988e-05,0.2,0.17,NA,145,349,0
"229",0.00107229674693012,0.0034244135837439,0.000197708610439115,5.37146935509294e-05,0.000171954329041617,9.92778781604991e-06,0.2,0.18,NA,130,349,0
"230",0.00059516278764619,0.00200562373644175,0.000115794740412775,3.17203312856318e-05,0.000107166141822511,6.18724008292401e-06,0.2,0.19,NA,117,349,0
"231",0.000322902237765012,0.0011426536282755,6.5971137987536e-05,1.82607115707773e-05,6.47918423846455e-05,3.74075876420669e-06,0.2,0.2,NA,107,349,0
"232",1664.13505851272,0.128207960103235,0.00740209002778554,0,0,0,0.22,0,NA,101,426,0
"233",1446.10887670532,0.788172692799373,0.045505171635563,3.66030006560656,0.0709386324561048,0.0040956438544476,0.22,0.01,NA,101,405,0
"234",1226.1274174721,1.6472309022924,0.0951029204855986,6.21897169155095,0.121218291933593,0.00699854134785663,0.22,0.02,NA,101,405,0
"235",1004.2580512746,2.76327263560148,0.159537620000884,7.65536029272148,0.150996317757929,0.00871777647041827,0.22,0.03,NA,116,412,0
"236",780.707584863389,4.25164347452436,0.245468750451495,7.95068975915136,0.162082275454808,0.00935782453647008,0.22,0.04,NA,133,426,0
"237",556.454534327401,6.73809118456676,0.389023875923387,7.09798270056407,0.165047254745907,0.00952900769565581,0.22,0.05,NA,154,447,0
"238",333.088618508301,9.24899159693492,0.533990778822296,5.10931557203912,0.175603055111406,0.0101384471139091,0.22,0.06,NA,180,496,0
"239",124.102919395545,10.9941433251389,0.634747160827826,2.22647957650569,0.203028481786551,0.0117218548612626,0.22,0.07,NA,216,601,0
"240",20.4226963351765,8.6999318667639,0.502290800520754,0.420809025524683,0.17969728264956,0.0103748274510368,0.22,0.08,NA,270,601,0
"241",1.70378589754355,1.56664319285457,0.090450186911868,0.0397641966967906,0.0366041730593648,0.00211334291692879,0.22,0.09,NA,363,601,0
"242",0.514603627927825,0.695716701709504,0.0401672225011701,0.0134426349105308,0.0181933801260724,0.00105039529132571,0.22,0.1,NA,563,503,0
"243",0.260576417734244,0.443494172865907,0.0256051480088162,0.00754320745420166,0.0128536991792616,0.000742108668122914,0.22,0.11,NA,671,384,0
"244",0.13744203955443,0.274491276774823,0.0158477612536148,0.0043729213444086,0.00874514447785353,0.00050490115183909,0.22,0.12,NA,408,342,0
"245",0.110686093521514,0.249760480044537,0.0144199280386643,0.00384394711246705,0.00868700257022948,0.000501544327237296,0.22,0.13,NA,294,321,0
"246",0.0777794636399132,0.19371278709101,0.0111840129772467,0.00293108138434395,0.00731243025850968,0.000422183357818093,0.22,0.14,NA,232,314,0
"247",0.0456854304390222,0.123619160182495,0.00713715554083589,0.00185875536266924,0.00503908010921562,0.000290931425752373,0.22,0.15,NA,193,314,0
"248",0.0297351244411854,0.0864322153090114,0.00499016627753134,0.00130043187456629,0.00378788298860538,0.000218693526313012,0.22,0.16,NA,165,314,0
"249",0.0322154046214488,0.0997386238747626,0.0057584121342697,0.00150862875130939,0.00468132535947998,0.000270276445645999,0.22,0.17,NA,145,307,0
"250",0.0227193516813332,0.0744179358904984,0.00429652153189156,0.00113536432930999,0.00372809691324206,0.000215241775642532,0.22,0.18,NA,130,307,0
"251",0.0174982083988089,0.0603156220548713,0.00348232406297197,0.000930331865304336,0.00321535128807821,0.000185638393171116,0.22,0.19,NA,117,307,0
"252",0.0131969769687018,0.047660009302286,0.00275165192002549,0.000744468165803123,0.00269627554432448,0.000155669541132515,0.22,0.2,NA,107,307,0
"253",1534.57176517166,0.0931305829894633,0.00537689671587534,0,0,0,0.24,0,NA,101,447,0
"254",1314.70694256632,0.307821753262919,0.0177720972108769,3.32770232652301,0.0631939851905642,0.00364850643609374,0.24,0.01,NA,101,447,0
"255",1092.86761867718,0.758257183735067,0.0437779989144408,5.54299354314187,0.105656482881403,0.00610007988332071,0.24,0.02,NA,101,447,0
"256",869.37493935799,1.94001502605026,0.112006819752204,6.62701522511338,0.127754943513214,0.00737593510276593,0.24,0.03,NA,116,447,0
"257",645.404753919538,5.059125054933,0.292088721232955,6.57276897883782,0.137466030989694,0.00793660499963291,0.24,0.04,NA,133,447,0
"258",419.518591740697,6.43741004929951,0.371664042484707,5.35122775239263,0.13335869921143,0.00769946808884975,0.24,0.05,NA,154,496,0
"259",198.300436651753,8.26706581089227,0.4772992671327,3.04199371340145,0.141079805526707,0.00814524636980641,0.24,0.06,NA,180,594,0
"260",41.8892717808226,10.235701410387,0.590958496463158,0.75250363019365,0.184949234161647,0.0106780490129642,0.24,0.07,NA,216,643,0
"261",3.64519739417157,2.6322365501359,0.151972248079174,0.0753208691132383,0.0544895286367466,0.00314595440264415,0.24,0.08,NA,270,643,0
"262",0.444723285839647,0.52932204892552,0.0305604227435153,0.010414449100085,0.0124165786113075,0.000716871500365253,0.24,0.09,NA,363,594,0
"263",0.211655732134061,0.332178662647306,0.0191783440298472,0.00554899486447229,0.00872538540362545,0.000503760361156639,0.24,0.1,NA,563,496,0
"264",0.101320178621012,0.190810647873908,0.0110164578914248,0.00294429845416919,0.00555697706820231,0.000320832220620718,0.24,0.11,NA,671,398,0
"265",0.0774777419541411,0.166960545594702,0.00963947159431479,0.0024750735547852,0.00534693977755243,0.000308705711991061,0.24,0.12,NA,408,349,0
"266",0.0258208814650527,0.0619112714390161,0.00357444892311879,0.000900541270729652,0.00216526652994697,0.000125011721393217,0.24,0.13,NA,294,349,0
"267",0.0106978183814767,0.0280256429934642,0.00161806125264889,0.000404947382996854,0.00106412787399547,6.14374514503472e-05,0.24,0.14,NA,232,349,0
"268",0.00489135607505642,0.0138223969292964,0.000798036458797516,0.000199943738961353,0.000566913463530394,3.27307640776496e-05,0.24,0.15,NA,193,349,0
"269",0.00246714098226325,0.00744923025667146,0.000430081509394477,0.000108427355295095,0.000328566971914109,1.89698229681431e-05,0.24,0.16,NA,165,349,0
"270",0.00126079234596359,0.00403774966238452,0.000233119585449802,5.93445506298441e-05,0.000190786946958964,1.10150895184624e-05,0.24,0.17,NA,145,349,0
"271",0.000648712653595354,0.00219076843820696,0.000126484074753093,3.25913743876526e-05,0.000110513177609185,6.38048128416641e-06,0.24,0.18,NA,130,349,0
"272",0.000363280797886493,0.00128758763302982,7.43389066534999e-05,1.94218010176994e-05,6.91316415491863e-05,3.99131718579434e-06,0.24,0.19,NA,117,349,0
"273",0.000198570636003575,0.000735754731875478,4.24788192505848e-05,1.12662809748351e-05,4.19302549622848e-05,2.42084439896648e-06,0.24,0.2,NA,107,349,0
"274",1393.88168498614,0.201640601948533,0.0116417255814544,0,0,0,0.26,0,NA,101,447,0
"275",1172.81694260954,0.71647536102609,0.0413657242556147,2.95930568354834,0.0582825099996643,0.00336494228373532,0.26,0.01,NA,101,447,0
"276",949.967656213761,1.67262345157792,0.0965689600021391,4.80312645948344,0.0950375250214424,0.00548699406542455,0.26,0.02,NA,101,447,0
"277",724.438084429649,1.59784712767969,0.0922517469289741,5.50472235028787,0.109676387101806,0.00633216916169734,0.26,0.03,NA,116,496,0
"278",499.690944547804,4.63548187761454,0.267629670986439,5.07264788750685,0.110226570683631,0.00636393402560434,0.26,0.04,NA,133,496,0
"279",273.553490254351,5.45990248705496,0.315227617065029,3.47824809646585,0.0971091290853551,0.00560659818181999,0.26,0.05,NA,154,594,0
"280",83.2176263176841,10.8963421410739,0.629100606833129,1.27332779658494,0.168138566823306,0.00970748468165938,0.26,0.06,NA,180,643,0
"281",9.98379498049716,5.36726292992009,0.309879069740086,0.179153525610092,0.0962221642227455,0.00555538924160105,0.26,0.07,NA,216,643,0
"282",0.698493555135287,0.717739519684739,0.0414387104898017,0.0144159207763326,0.0147898683324387,0.000853893446301261,0.26,0.08,NA,270,643,0
"283",0.277417461422103,0.398527587810364,0.0230090010101806,0.00648357117366674,0.00929588443912392,0.000536698138328385,0.26,0.09,NA,363,545,0
"284",0.0758408212644194,0.134186417021737,0.00774725639890912,0.00198246595609371,0.00349975706905829,0.00020205856859191,0.26,0.1,NA,563,496,0
"285",0.0572385137768721,0.117508135595294,0.00678433537179141,0.00165682968586134,0.00339327790495755,0.000195910991186245,0.26,0.11,NA,671,398,0
"286",0.0559176256413427,0.128809778357295,0.00743683602088403,0.00177767356424,0.0040851836372453,0.000235858187265263,0.26,0.12,NA,408,349,0
"287",0.0189769977898162,0.0480218739098395,0.00277254418288361,0.00065803736395167,0.00166139441050507,9.5920651013524e-05,0.26,0.13,NA,294,349,0
"288",0.00796959773676314,0.0218365083033122,0.00126073139470788,0.00029966850064617,0.000819394409658131,4.73077582988596e-05,0.26,0.14,NA,232,349,0
"289",0.00368238629846155,0.0108102492777319,0.000624130033050547,0.000149394704093131,0.0004377958218124,2.52761535573482e-05,0.26,0.15,NA,193,349,0
"290",0.00187298831685059,0.00584417223892902,0.000337413441533621,8.16300473316539e-05,0.000254338444310294,1.46842369287819e-05,0.26,0.16,NA,165,349,0
"291",0.000963746275675047,0.00317614839253327,0.000183375012941528,4.49500677167217e-05,0.0001479777078966,8.54349694881656e-06,0.26,0.17,NA,145,349,0
"292",0.000498718677913853,0.00172719981987923,9.97199280951547e-05,2.48092823648477e-05,8.58590229351099e-05,4.9570730003944e-06,0.26,0.18,NA,130,349,0
"293",0.000280641612256652,0.00101712932578094,5.87239890040287e-05,1.48457638329072e-05,5.37856861983857e-05,3.10531804051867e-06,0.26,0.19,NA,117,349,0
"294",0.000154040435133409,0.000582208589786311,3.36138286037639e-05,8.64202238329149e-06,3.26625371770943e-05,1.88577246316116e-06,0.26,0.2,NA,107,349,0
"295",1241.90125555726,0.0711379213410718,0.00410714980358582,0,0,0,0.28,0,NA,101,496,0
"296",1019.8489760207,1.1985663202799,0.0691992587655217,2.56627710490393,0.0512864108487593,0.00296102231093009,0.28,0.01,NA,101,447,0
"297",794.991544610716,0.979074794577175,0.056526909620591,4.00841909606994,0.0804077174982905,0.00464234173425614,0.28,0.02,NA,101,496,0
"298",569.971038280957,3.33794598178066,0.19271640111215,4.31910078180154,0.0905216486988432,0.00522626982437659,0.28,0.03,NA,116,496,0
"299",345.085616818007,5.92880292109473,0.342299596246628,3.49360730241084,0.0929364694762121,0.00536568956696245,0.28,0.04,NA,133,545,0
"300",133.272169160158,9.2583950751643,0.534533688891001,1.69051919975666,0.122734494907811,0.00708607936738775,0.28,0.05,NA,154,643,0
"301",21.8432635244132,8.40064911015666,0.485011702511654,0.334037869813313,0.12874791202739,0.00743326416666156,0.28,0.06,NA,180,643,0
"302",1.81189792100512,1.58967090437146,0.0917796924561781,0.0325400354208673,0.0285653127315608,0.00164921909950525,0.28,0.07,NA,216,643,0
"303",0.283712603472033,0.372575318486682,0.0215106460421697,0.00586432454006563,0.00770396410389571,0.00044478857492114,0.28,0.08,NA,270,594,0
"304",0.253148532037653,0.422027954916947,0.0243657953376847,0.00592891554999964,0.00988727308121366,0.000570841977499005,0.28,0.09,NA,363,496,0
"305",0.124470632245263,0.244465118729617,0.0141142002106018,0.00326247882571641,0.0064093742477053,0.000370045394724971,0.28,0.1,NA,563,447,0
"306",0.0312135906248883,0.069418396731002,0.00400787300393563,0.000906485881060035,0.00201648694573917,0.000116421928093987,0.28,0.11,NA,671,398,0
"307",0.039351042877968,0.0967466009530509,0.00558566761034253,0.00125583382098545,0.00308818988914558,0.000178296726380688,0.28,0.12,NA,408,349,0
"308",0.01355479446401,0.0362449329078543,0.00209260217711096,0.000472085353887195,0.00126257070466393,7.28945536208653e-05,0.28,0.13,NA,294,349,0
"309",0.00575709925735411,0.016549928037228,0.000955510540736249,0.000217534906184317,0.00062544802788332,3.61102587262555e-05,0.28,0.14,NA,232,349,0
"310",0.00268370659180097,0.00822190536588458,0.000474691927624509,0.000109461045317012,0.000335394633083465,1.93640181695494e-05,0.28,0.15,NA,193,349,0
"311",0.00137477006958504,0.00445816134555968,0.000257392065294966,6.02619045824404e-05,0.000195441534149966,1.12838222352316e-05,0.28,0.16,NA,165,349,0
"312",0.000711541258125132,0.00242909613863944,0.000140243930953096,3.33906656656469e-05,0.000114000634113231,6.58182967930618e-06,0.28,0.17,NA,145,349,0
"313",0.000370020470859957,0.00132387887727744,7.64341826170591e-05,1.85260042114904e-05,6.62874512395537e-05,3.82710778170505e-06,0.28,0.18,NA,130,349,0
"314",0.00020909370375121,0.000781127904532742,4.50984405953507e-05,1.11355089494335e-05,4.16014297708539e-05,2.40185966768758e-06,0.28,0.19,NA,117,349,0
"315",0.000115184830242928,0.000447882259324306,2.58584942986146e-05,6.50725459225829e-06,2.5303116612781e-05,1.46087611877256e-06,0.28,0.2,NA,107,349,0
"316",1078.84258435031,0.205016364957612,0.0118366253496556,0,0,0,0.3,0,NA,101,496,0
"317",854.99989219641,0.748017682446575,0.043186821031913,2.14477569275102,0.0438745322204314,0.0025330972988035,0.3,0.01,NA,101,496,0
"318",630.060048426348,2.57411797646755,0.148616770663939,3.16698838314108,0.066395702530678,0.00383335767291213,0.3,0.02,NA,101,496,0
"319",404.092503190898,4.36396658866912,0.251953728470265,3.05262260439172,0.0714039990161597,0.00412251180531956,0.3,0.03,NA,116,545,0
"320",183.867622749693,7.13866735974988,0.412151152180679,1.85591320273037,0.0822225133479201,0.00474711902148693,0.3,0.04,NA,133,643,0
"321",39.6051773118386,10.6792413553024,0.61656628712248,0.501666767961669,0.135946888461748,0.00784889726488823,0.3,0.05,NA,154,643,0
"322",3.87644749744345,2.88204044589859,0.166394682725494,0.059295780484255,0.044142707768473,0.00254858042128869,0.3,0.06,NA,180,643,0
"323",0.616587943816202,0.740741893974679,0.0427667531886314,0.0110820362143728,0.0133271735198056,0.000769444721919662,0.3,0.07,NA,216,594,0
"324",0.171767090138124,0.270213494943182,0.0156007834044116,0.0035538903836917,0.00559656303075094,0.000323117717234076,0.3,0.08,NA,270,545,0
"325",0.0814503041907777,0.153325821124701,0.00885227041000666,0.00190978497852674,0.00359898554497399,0.00020778752732003,0.3,0.09,NA,363,496,0
"326",0.0514765685048125,0.110712434000768,0.00639198535729823,0.00135100076534693,0.00290896129243728,0.000167948958525086,0.3,0.1,NA,563,447,0
"327",0.0167185160301354,0.0399715433436008,0.00230775813093527,0.000486241906639721,0.00116390555462037,6.7198118527137e-05,0.3,0.11,NA,671,398,0
"328",0.027521815720898,0.0718511758968472,0.00414832957456359,0.000879749949026082,0.00229953005829695,0.000132763429816738,0.3,0.12,NA,408,349,0
"329",0.00960520324944814,0.0270363007097429,0.00156094154926617,0.000335125951145417,0.000944441209007065,5.45273386254005e-05,0.3,0.13,NA,294,349,0
"330",0.0041214351014049,0.0123907286713891,0.000715379053388211,0.000156031918250006,0.000469661521000263,2.71159205577511e-05,0.3,0.14,NA,232,349,0
"331",0.00193692605416916,0.00617470533426464,0.000356496778690431,7.91664784341308e-05,0.000252673118842668,1.45880893180797e-05,0.3,0.15,NA,193,349,0
"332",0.000998821099904482,0.00335688235328367,0.000193809693030623,4.38799644493719e-05,0.000147643982770579,8.52422931968221e-06,0.3,0.16,NA,165,349,0
"333",0.000519812314221139,0.00183313871599301,0.000105836313114049,2.44510421286859e-05,8.63236600381008e-05,4.98389883604313e-06,0.3,0.17,NA,145,349,0
"334",0.000271571750909362,0.00100100323657306,5.77929488095142e-05,1.36308967400617e-05,5.02966017983849e-05,2.9038756587621e-06,0.3,0.18,NA,130,349,0
"335",0.000154069851127553,0.000591613081836519,3.41567972054418e-05,8.22671715701012e-06,3.16218649539906e-05,1.82568922434645e-06,0.3,0.19,NA,117,349,0
"336",8.51636286867299e-05,0.000339717677526399,1.96136092568341e-05,4.82447858327567e-06,1.92633284878184e-05,1.11216878879302e-06,0.3,0.2,NA,107,349,0
"337",904.463208236449,0.161063151965593,0.0092989854143865,0,0,0,0.32,0,NA,101,545,0
"338",679.078466508032,0.775524279251967,0.0447749151389214,1.69745269302719,0.0354013692420263,0.00204389900615652,0.32,0.01,NA,101,545,0
"339",453.679219974451,3.37204606136709,0.194685170125011,2.27235846260199,0.0505501453050314,0.00291851399994346,0.32,0.02,NA,101,545,0
"340",229.566393346372,5.4237679313474,0.313141387518548,1.72817728595902,0.0549401616457548,0.00317197171154981,0.32,0.03,NA,116,643,0
"341",61.3307793769027,11.7008278470128,0.675547610721432,0.61764556171003,0.118838037179828,0.00686111727557402,0.32,0.04,NA,133,643,0
"342",7.06356375901144,4.45169550012521,0.257018759534754,0.0894407073827703,0.0564392599305122,0.00325852219137445,0.32,0.05,NA,154,643,0
"343",0.560420680490994,0.617365172488369,0.035643594852446,0.00857426088481567,0.00945193684761602,0.000545707828333445,0.32,0.06,NA,180,643,0
"344",0.319316521698826,0.476194848907989,0.027493122420374,0.00574036833426595,0.00856579642861401,0.000494546487388383,0.32,0.07,NA,216,545,0
"345",0.163366323942476,0.295938986408201,0.017086045346648,0.00338049565080567,0.00612741965912746,0.000353766738963505,0.32,0.08,NA,270,496,0
"346",0.1432386922948,0.298934058219104,0.0172589658982747,0.00335862941156874,0.00701349548022515,0.000404924350346821,0.32,0.09,NA,363,447,0
"347",0.0206317643377877,0.048104015323764,0.0027772866196277,0.000541428104173406,0.00126310928502883,7.29256485727312e-05,0.32,0.1,NA,563,447,0
"348",0.00879213678452913,0.0224611831870262,0.00129679701593471,0.000255660100128776,0.000653515455202952,3.77307323981005e-05,0.32,0.11,NA,671,398,0
"349",0.0191239969101792,0.0528081319779017,0.00304887892128428,0.000611124861472644,0.00168852061949382,9.74867834196989e-05,0.32,0.12,NA,408,349,0
"350",0.0067527298006569,0.0199531767507767,0.00115199719682491,0.000235508598102764,0.000696293294609946,4.02005121077983e-05,0.32,0.13,NA,294,349,0
"351",0.00292465966140906,0.00917668645157212,0.000529816239308395,0.000110668525905557,0.00034744505181372,2.00597494193255e-05,0.32,0.14,NA,232,349,0
"352",0.00138498689631915,0.00458664765080313,0.000264810225586915,5.65740291462265e-05,0.000187463750645073,1.0823224689823e-05,0.32,0.15,NA,193,349,0
"353",0.000718731640565187,0.00249986109914944,0.00014432954785306,3.15536380787007e-05,0.000109811718077394,6.33998249921588e-06,0.32,0.16,NA,165,349,0
"354",0.00037604741710971,0.0013681106146248,7.8987903163481e-05,1.76750326946719e-05,6.43412511649254e-05,3.7147438680067e-06,0.32,0.17,NA,145,349,0
"355",0.000197361219325144,0.000748482604882238,4.32136633412512e-05,9.89767012438972e-06,3.75582375735215e-05,2.16842585733606e-06,0.32,0.18,NA,130,349,0
"356",0.000112411009441723,0.000443099530239054,2.55823633061315e-05,5.99674365768391e-06,2.36517482255515e-05,1.36553432048274e-06,0.32,0.19,NA,117,349,0
"357",6.23508127381971e-05,0.000254807756820244,1.47113326991773e-05,3.52861636572309e-06,1.44289507322868e-05,8.33055858940964e-07,0.32,0.2,NA,107,349,0
"358",718.864019361922,0.220884650495418,0.0127527812423386,0,0,0,0.34,0,NA,101,594,0
"359",492.306719557878,1.33992507169975,0.0773606100839779,1.2260808563682,0.0267307982141654,0.00154330335446019,0.34,0.01,NA,101,594,0
"360",267.6804780315,4.24916614224857,0.245325721605865,1.33587067727173,0.0360894383797606,0.00208362469634572,0.34,0.02,NA,101,643,0
"361",83.6772566419374,11.7410412847262,0.677869334630317,0.628217633262716,0.0894812748643638,0.00516620381303714,0.34,0.03,NA,116,643,0
"362",11.1868752267982,6.04154311841939,0.348808654574016,0.112590610009903,0.0609082494331294,0.00351653942060861,0.34,0.04,NA,133,643,0
"363",0.957132816588555,0.974995548524596,0.0562913942399362,0.0121229015795185,0.0123596791104363,0.000713586406150781,0.34,0.05,NA,154,643,0
"364",0.191636645205516,0.27237658100986,0.0157256692366993,0.00293328198402081,0.00417249323282057,0.000240899009116085,0.34,0.06,NA,180,594,0
"365",0.0708667948547741,0.124093913129449,0.00716456541500813,0.00127455265401161,0.00223381690646228,0.000128969479226633,0.34,0.07,NA,216,545,0
"366",0.0478562569073148,0.0972671434816689,0.00561572114724475,0.000990750743171543,0.00201568030082029,0.000116375356427882,0.34,0.08,NA,270,496,0
"367",0.0554194862917068,0.126439760227651,0.00730000296037062,0.00130012354700161,0.00296955088141624,0.000171447100075796,0.34,0.09,NA,363,447,0
"368",0.0079904187399789,0.0200337378034308,0.00115664839136852,0.000209803934740294,0.000526681503284618,3.04079707698571e-05,0.34,0.1,NA,563,447,0
"369",0.00452207458877253,0.0122809321107868,0.00070903994600623,0.000131572779017653,0.000357817255872742,2.06585888998821e-05,0.34,0.11,NA,671,398,0
"370",0.013144290839132,0.0382602346431823,0.00220895567704995,0.000420311696692607,0.00122530449378066,7.0742987932352e-05,0.34,0.12,NA,408,349,0
"371",0.00468821132198586,0.0145086528203034,0.000837657461138097,0.000163623103620104,0.000507208112398907,2.92836740228671e-05,0.34,0.13,NA,294,349,0
"372",0.00204715610149717,0.00669321962526316,0.000386433215239097,7.7524682546089e-05,0.000253924666449115,1.46603474528283e-05,0.34,0.14,NA,232,349,0
"373",0.000975992854227271,0.00335410695813108,0.000193649455516778,3.99017200167483e-05,0.000137391857128585,7.93232256976512e-06,0.34,0.15,NA,193,349,0
"374",0.00050935115112971,0.00183216816983748,0.000105780278605634,2.23825578796898e-05,8.06778429633254e-05,4.65793743525143e-06,0.34,0.16,NA,165,349,0
"375",0.000267775333327376,0.00100462381006796,5.80019827177046e-05,1.25990238007754e-05,4.7372114941463e-05,2.73503033135355e-06,0.34,0.17,NA,145,349,0
"376",0.000141114563883863,0.000550536372082618,3.17852322620579e-05,7.08489202408977e-06,2.77048569099445e-05,1.59954065948165e-06,0.34,0.18,NA,130,349,0
"377",8.06608851151173e-05,0.000326389660835001,1.88441158543798e-05,4.30827864953981e-06,1.74759300277427e-05,1.00897329058563e-06,0.34,0.19,NA,117,349,0
"378",4.48791780704648e-05,0.000187932380270451,1.08502810338592e-05,2.54324111228921e-06,1.06772912548116e-05,6.16453698018149e-07,0.34,0.2,NA,107,349,0
"379",522.564591077119,1.00362062718594,0.0579440639270066,0,0,0,0.36,0,NA,101,601,0
"380",299.732241957373,5.1269771302853,0.296006162629927,0.741974946038427,0.0213678853735976,0.00123367543724596,0.36,0.01,NA,101,601,0
"381",110.288555134061,13.7688310972277,0.794943834041088,0.547517090832957,0.0697546953026918,0.00402728921102494,0.36,0.02,NA,101,601,0
"382",20.1590190774556,9.70804593144515,0.560494293182511,0.150865411279949,0.0728264374155363,0.00420463632459813,0.36,0.03,NA,116,601,0
"383",2.42102765189864,2.30517569031594,0.133089380533329,0.0243163935431263,0.0231796434973829,0.00133827734129336,0.36,0.04,NA,133,601,0
"384",0.498092409791459,0.67883334399549,0.039192461389069,0.00629736504868078,0.00859156793892545,0.000496034406229957,0.36,0.05,NA,154,566,0
"385",0.270531884453102,0.459887758528757,0.0265516321183591,0.00413372130024585,0.00703499726822208,0.00040616575665563,0.36,0.06,NA,180,510,0
"386",0.152157924685094,0.302154082950268,0.0174448741128082,0.00273199634602179,0.00543186427140798,0.000313608829929891,0.36,0.07,NA,216,475,0
"387",0.0973309271815001,0.217792444874756,0.0125742526675907,0.00201172220766263,0.0045076202952708,0.000260247579087922,0.36,0.08,NA,270,447,0
"388",0.0793264467771109,0.195584148240461,0.0112920560635854,0.00185802384998727,0.00458785950473522,0.000264880192006306,0.36,0.09,NA,363,419,0
"389",0.0438178554535798,0.117231668064167,0.00676837351143957,0.00114875287670698,0.00307836332064484,0.000177729389183777,0.36,0.1,NA,563,398,0
"390",0.0472313866590898,0.135623021804564,0.00783019881471754,0.00137217498163127,0.00394702096063915,0.000227881361412211,0.36,0.11,NA,671,349,0
"391",0.0237213710744784,0.0724939506153964,0.00418544019024185,0.000757423318561671,0.00231907352665643,0.000133891772488563,0.36,0.12,NA,408,335,0
"392",0.0274675583445855,0.0887598459293475,0.00512455209405385,0.000957279854998262,0.00309960647691841,0.000178955863383075,0.36,0.13,NA,294,321,0
"393",0.014871499189876,0.0505460353280856,0.00291827671031386,0.000562391143276379,0.0019155696621645,0.000110595466010216,0.36,0.14,NA,232,321,0
"394",0.0166194048483488,0.0591580042902219,0.00341548897016806,0.000678529522580182,0.00242074933700359,0.000139762028135963,0.36,0.15,NA,193,314,0
"395",0.0113457500118791,0.0421424739765597,0.00243309686946836,0.00049790386845146,0.00185383054794751,0.000107030956588945,0.36,0.16,NA,165,314,0
"396",0.00781240331269456,0.0301874978981205,0.00174287600376411,0.000367097648705719,0.00142205243112231,8.21022353910228e-05,0.36,0.17,NA,145,314,0
"397",0.0119600305164345,0.0479500343923385,0.00276839652640685,0.000599701837374405,0.00241066482751019,0.000139179798708897,0.36,0.18,NA,130,307,0
"398",0.00947667257662812,0.0393302446721128,0.00227073273487382,0.000505530779034951,0.00210385107207844,0.000121465898279937,0.36,0.19,NA,117,307,0
"399",0.00732460677458883,0.0314048512236959,0.0018131599307861,0.000414559075489448,0.00178256820170723,0.000102916623110454,0.36,0.2,NA,107,307,0
"400",317.34412158525,3.11472058473434,0.179828476804684,0,0,0,0.38,0,NA,101,643,0
"401",118.290697117577,10.9502502049992,0.632212990355003,0.292444545975539,0.027995838630899,0.00161634049697388,0.38,0.01,NA,101,643,0
"402",19.6351166123042,8.42394275061602,0.486356561470615,0.0975534797235674,0.0419631042651669,0.00242274095435265,0.38,0.02,NA,101,643,0
"403",1.89597081679516,1.71935783676648,0.0992671709890421,0.0142221397935804,0.0129084920636628,0.000745272136778786,0.38,0.03,NA,116,643,0
"404",0.382684751149618,0.507501841048638,0.0293006324543662,0.0038540599440063,0.00511376880404285,0.000295243579558765,0.38,0.04,NA,133,594,0
"405",0.143724570930086,0.239792118231989,0.0138444044010789,0.00182200011812871,0.00304078161666915,0.00017555960849308,0.38,0.05,NA,154,545,0
"406",0.102066571575949,0.199836424868773,0.0115375613691878,0.00156359708340708,0.00306171182908697,0.000176768014870442,0.38,0.06,NA,180,496,0
"407",0.019997255919621,0.0442316734639521,0.00255371685811204,0.000359921720924336,0.000796049956749921,4.59599656817957e-05,0.38,0.07,NA,216,496,0
"408",0.0346568168268219,0.0846126201291771,0.004885111900842,0.000717933117454258,0.00175240370440013,0.000101175075046431,0.38,0.08,NA,270,447,0
"409",0.00754818205714622,0.0200206899079315,0.00115589507077063,0.000177160363679672,0.000469738403685144,2.71203593816323e-05,0.38,0.09,NA,363,447,0
"410",0.0212166956495154,0.060449312820594,0.00349004270292979,0.000557255141417154,0.00158704285422241,9.1627961910078e-05,0.38,0.1,NA,563,398,0
"411",0.0313264514990033,0.0950539013543268,0.00548793955344447,0.000911574537515811,0.00276476527438237,0.000159623797541079,0.38,0.11,NA,671,349,0
"412",0.00606099581233527,0.0194540583576631,0.00112318058296275,0.000193794420209844,0.000621752209343928,3.58968805433962e-05,0.38,0.12,NA,408,349,0
"413",0.0021988727739897,0.00742591210801786,0.000428735235454261,7.67202835991719e-05,0.000258993503103803,1.49529968735345e-05,0.38,0.13,NA,294,349,0
"414",0.000973925040076194,0.0034454190739309,0.000198921362980507,3.68632754449504e-05,0.000130368485581175,7.52682802441353e-06,0.38,0.14,NA,232,349,0
"415",0.000469954479388515,0.0017351534276886,0.000100179129856132,1.91992910517727e-05,7.08720004346773e-05,4.09179685289682e-06,0.38,0.15,NA,193,349,0
"416",0.000247808284190663,0.00095193325952128,5.49598923635169e-05,1.08792047397706e-05,4.17879012993383e-05,2.41262560640425e-06,0.38,0.16,NA,165,349,0
"417",0.000131450124154848,0.000523957375291059,3.02506931668183e-05,6.17761731501356e-06,2.46253451602511e-05,1.42174496571584e-06,0.38,0.17,NA,145,349,0
"418",6.98183880015483e-05,0.000288097393775268,1.6633310784898e-05,3.50050444652769e-06,1.4447639497837e-05,8.34134855323083e-07,0.38,0.18,NA,130,349,0
"419",4.01856579656119e-05,0.000171313390714931,9.8907832245053e-06,2.14298224668355e-06,9.13926583971258e-06,5.27655759275361e-07,0.38,0.19,NA,117,349,0
"420",2.24973399158763e-05,9.89058810681836e-05,5.71033370591529e-06,1.27259354524619e-06,5.59800302437961e-06,3.23200855304991e-07,0.38,0.2,NA,107,349,0
"421",126.960374799046,10.7465811082191,0.620454149569843,0,0,0,0.4,0,NA,101,643,0
"422",22.3239506124864,9.04050342680363,0.521953708707481,0.0551106849627252,0.0224077430633298,0.00129371164895454,0.4,0.01,NA,101,643,0
"423",2.24906614695125,1.9771970516572,0.114153525001522,0.0111782205960135,0.00984410641110151,0.000568349748638078,0.4,0.02,NA,101,643,0
"424",0.460187586188733,0.59868961872725,0.0345653612533212,0.00345523389727691,0.00450192084050294,0.000259918520913476,0.4,0.03,NA,116,594,0
"425",0.174987131402847,0.287935923976062,0.0166239883216943,0.00176442047376411,0.00290759764439923,0.000167870228268902,0.4,0.04,NA,133,545,0
"426",0.126307725470812,0.244581268975923,0.0141209061481989,0.00160349700673314,0.00310954958239273,0.000179529928845293,0.4,0.05,NA,154,496,0
"427",0.0261810045737887,0.0573684425183995,0.00331216857309875,0.00040174113653241,0.000881559549578161,5.08968643255637e-05,0.4,0.06,NA,180,496,0
"428",0.047900921320611,0.115989471097213,0.00669665523611381,0.00086379255101412,0.0020944965811356,0.000120925816493539,0.4,0.07,NA,216,447,0
"429",0.0121851725856264,0.0320820137500399,0.00185225592747308,0.000252962839512426,0.000666889370471545,3.85028757561446e-05,0.4,0.08,NA,270,447,0
"430",0.0497744375669328,0.140871933936405,0.00813324489794463,0.00117103622511439,0.00331840875786275,0.000191588418963327,0.4,0.09,NA,363,398,0
"431",0.0102246278510235,0.030833374108609,0.00178016568416298,0.000269254468167934,0.000812930905303132,4.6934587700933e-05,0.4,0.1,NA,563,398,0
"432",0.0207621999835163,0.0662656036618027,0.00382584641121548,0.000605891950857092,0.00193602390397316,0.000111776392211645,0.4,0.11,NA,671,349,0
"433",0.00404800678444652,0.0135992052259049,0.000785150479794116,0.000129831111967965,0.00043665821165377,2.52104736042165e-05,0.4,0.12,NA,408,349,0
"434",0.00147848110417486,0.00520493873159916,0.000300507277780428,5.17561158118059e-05,0.000182410648552131,1.05314837044627e-05,0.4,0.13,NA,294,349,0
"435",0.000658601458821468,0.0024206507737852,0.000139756337585896,2.50160397812575e-05,9.20497147381789e-05,5.31449275829158e-06,0.4,0.14,NA,232,349,0
"436",0.000319359436357177,0.0012215950817416,7.05288249284233e-05,1.30955655358828e-05,5.01509382675819e-05,2.89546577089007e-06,0.4,0.15,NA,193,349,0
"437",0.000169114660010902,0.000671413339640158,3.87640672378751e-05,7.45351545445203e-06,2.96275877493567e-05,1.71054957625304e-06,0.4,0.16,NA,165,349,0
"438",9.00398933672541e-05,0.000370155488936398,2.13709371179447e-05,4.24886406345548e-06,1.74893253753141e-05,1.00974667133826e-06,0.4,0.17,NA,145,349,0
"439",4.79800682437076e-05,0.000203824877999638,1.17678348180634e-05,2.41587651434242e-06,1.02766401156083e-05,5.93322093711137e-07,0.4,0.18,NA,130,349,0
"440",2.76962144962531e-05,0.000121359977167457,7.0067215486478e-06,1.48351578182354e-06,6.5096860080856e-06,3.75836896910816e-07,0.4,0.19,NA,117,349,0
"441",1.55455048586844e-05,7.01484329403999e-05,4.05002166413703e-06,8.83395219724007e-07,3.9922384982386e-06,2.30491997162724e-07,0.4,0.2,NA,107,349,0
"442",23.207822933789,9.27685090766848,0.535599236877442,0,0,0,0.42,0,NA,101,643,0
"443",2.40688319941002,2.09477390416989,0.120941827746389,0.00594099186977966,0.00517672866390645,0.000298878568762804,0.42,0.01,NA,101,643,0
"444",0.503355044107112,0.649883594169903,0.0375210468035915,0.0025020288274697,0.00323362152478292,0.000186693225779079,0.42,0.02,NA,101,594,0
"445",0.195370071695257,0.319432832109514,0.0184424631606432,0.00146687721590115,0.00240086864927574,0.000138614216094828,0.42,0.03,NA,116,545,0
"446",0.144089672961005,0.277415420081846,0.0160165867461607,0.00145264906179293,0.00279996916297069,0.000161656294996378,0.42,0.04,NA,133,496,0
"447",0.0311293726630752,0.0678406419755217,0.00391678129065645,0.000395074284242026,0.000862066396034976,4.97714265810124e-05,0.42,0.05,NA,154,496,0
"448",0.0592045635446166,0.142605085453313,0.00823330844742796,0.000908122069710659,0.00219038300619815,0.000126461821825688,0.42,0.06,NA,180,447,0
"449",0.0163846428811636,0.0429138691570351,0.00247763339097826,0.000295317874119892,0.000774637679488461,4.4723727277709e-05,0.42,0.07,NA,216,447,0
"450",0.00416976668838205,0.0117391616521539,0.000677760813993159,8.65162624870799e-05,0.000243962651416685,1.40851902467638e-05,0.42,0.08,NA,270,447,0
"451",0.0236260864331034,0.0708785720973338,0.00409217626801719,0.000555516964453322,0.00166944504719326,9.63854547394314e-05,0.42,0.09,NA,363,398,0
"452",0.00485616841003408,0.0154182962668993,0.000890175750013971,0.00012780367912701,0.000406522958730727,2.34706139654948e-05,0.42,0.1,NA,563,398,0
"453",0.0137183248681911,0.0458475873668043,0.00264701169079193,0.000400088736612603,0.00133972736690073,7.73491955920842e-05,0.42,0.11,NA,671,349,0
"454",0.00269329381365517,0.00943237728668275,0.00054457855655644,8.63300354918083e-05,0.000302960188780084,1.74914146545921e-05,0.42,0.12,NA,408,349,0
"455",0.000989762114814386,0.00361893220755921,0.000208939148421331,3.46282557449035e-05,0.000126883441526915,7.32561891212705e-06,0.42,0.13,NA,294,349,0
"456",0.000443240240053688,0.00168668279787992,9.73806767393484e-05,1.68270360451378e-05,6.41743650976631e-05,3.70510869642091e-06,0.42,0.14,NA,232,349,0
"457",0.000215918481623806,0.000852816179816251,4.92373650986181e-05,8.84973184400044e-06,3.50337684521705e-05,2.02267556465876e-06,0.42,0.15,NA,193,349,0
"458",0.000114797522738027,0.000469518021971007,2.71076356374342e-05,5.05749059720521e-06,2.07335526886773e-05,1.19705222260651e-06,0.42,0.16,NA,165,349,0
"459",6.13363639393899e-05,0.000259239760075707,1.49672145264363e-05,2.89339880211977e-06,1.22584303282928e-05,7.07740804988213e-07,0.42,0.17,NA,145,349,0
"460",3.27869601969855e-05,0.000142943015959738,8.25281887431319e-06,1.65043830405426e-06,7.2131420970878e-06,4.16450953145666e-07,0.42,0.18,NA,130,349,0
"461",1.89789156941949e-05,8.52144169935195e-05,4.91985665900455e-06,1.0163909001546e-06,4.57491071541103e-06,2.64132593306106e-07,0.42,0.19,NA,117,349,0
"462",1.06792719321025e-05,4.93103975922644e-05,2.84693713237413e-06,6.06797429096042e-07,2.80888461915434e-06,1.62171029099136e-07,0.42,0.2,NA,107,349,0
"463",2.33747873467431,2.05675894560406,0.118747033090267,0,0,0,0.44,0,NA,101,643,0
"464",0.503786996294219,0.653097549234983,0.0377066045857902,0.00124408864697039,0.00161431975427034,9.32027944686112e-05,0.44,0.01,NA,101,594,0
"465",0.201404839679473,0.329757872547312,0.0190385796482589,0.00100163108583709,0.00164143726629415,9.4768424755281e-05,0.44,0.02,NA,101,545,0
"466",0.152903395052612,0.294413588954343,0.0169979764835874,0.00114861124945654,0.00221364419964151,0.000127804807455308,0.44,0.03,NA,116,496,0
"467",0.0341180230983702,0.0743054614383403,0.00429002781636851,0.00034412623282824,0.000750166397942,4.33108771788826e-05,0.44,0.04,NA,133,496,0
"468",0.0673077738496761,0.161941062608224,0.00934967160897119,0.000854621542127063,0.00205819730460403,0.00011883007678585,0.44,0.05,NA,154,447,0
"469",0.0196652170246238,0.0514302893553873,0.00296932914038332,0.000301763534670426,0.000790005724497609,4.5611001770004e-05,0.44,0.06,NA,180,447,0
"470",0.00544375213375628,0.0152991525881438,0.000883296986513796,9.81551245739212e-05,0.000276154771647633,1.5943803174876e-05,0.44,0.07,NA,216,447,0
"471",0.0356089069054405,0.10662024734397,0.00615572285051056,0.000739076994308579,0.002215509124054,0.000127912478916465,0.44,0.08,NA,270,398,0
"472",0.011009883296539,0.0348819344155249,0.00201390942246582,0.000258944773550083,0.000821410366345002,4.74241496124436e-05,0.44,0.09,NA,363,398,0
"473",0.00226390806378196,0.00754864309379233,0.000435821112221741,5.95943703369886e-05,0.000198968407232248,1.1487446347577e-05,0.44,0.1,NA,563,398,0
"474",0.00899156436395475,0.031413604554991,0.00181366530460405,0.000262279115929683,0.000917590015596109,5.29770842510127e-05,0.44,0.11,NA,671,349,0
"475",0.00177615889424966,0.00647765072977163,0.000373987339255003,5.69390269657626e-05,0.000207959844719795,1.20065672329606e-05,0.44,0.12,NA,408,349,0
"476",0.000656341447440717,0.00249091774018969,0.000143813202782773,2.29644644985197e-05,8.72867768594923e-05,5.03950441165227e-06,0.44,0.13,NA,294,349,0
"477",0.000295349225350074,0.00116329720451941,6.71629954176819e-05,1.12126421073315e-05,4.42334467451493e-05,2.55381923854969e-06,0.44,0.14,NA,232,349,0
"478",0.000144486622042148,0.0005892432214896,3.40199732545183e-05,5.92173665323746e-06,2.41894127146297e-05,1.39657639423304e-06,0.44,0.15,NA,193,349,0
"479",7.71077566466458e-05,0.000324930578178129,1.87598756779084e-05,3.39672103259857e-06,1.4337664959813e-05,8.27785472409867e-07,0.44,0.16,NA,165,349,0
"480",4.1336312233829e-05,0.000179666745134927,1.03730643668074e-05,1.94966502337628e-06,8.4885573916801e-06,4.90087089511809e-07,0.44,0.17,NA,145,349,0
"481",2.21621248313116e-05,9.91963903270106e-05,5.72710626579388e-06,1.11539062397326e-06,5.00099238887208e-06,2.88732430193056e-07,0.44,0.18,NA,130,349,0
"482",1.28632106642781e-05,5.92053361271251e-05,3.41822167504579e-06,6.88709927776261e-07,3.17536887844789e-06,1.83330007674825e-07,0.44,0.19,NA,117,349,0
"483",7.25565005150265e-06,3.4296970773054e-05,1.98013653082115e-06,4.12151420783626e-07,1.95154716008311e-06,1.12672627821024e-07,0.44,0.2,NA,107,349,0
"484",0.463971759577675,0.610519465059661,0.0352483577497702,0,0,0,0.46,0,NA,101,594,0
"485",0.192898389917721,0.318524383811711,0.0183900138737151,0.000476690097540775,0.000788139087754668,4.55032314474024e-05,0.46,0.01,NA,101,545,0
"486",0.152093402805299,0.294397947578606,0.0169970734283382,0.000756987815104103,0.00146719449399946,8.47085136064123e-05,0.46,0.02,NA,101,496,0
"487",0.0348488861188103,0.0761535410258568,0.00439672674110216,0.000262006725642227,0.000573331425902763,3.31013053079832e-05,0.46,0.03,NA,116,496,0
"488",0.0715867252735495,0.172608097053087,0.00996553312979091,0.000722727079411598,0.00174505714111849,0.000100750921017604,0.46,0.04,NA,133,447,0
"489",0.0217413250173438,0.0569346101965287,0.00328712125231722,0.000276331140481802,0.000724654195552247,4.18379294871482e-05,0.46,0.05,NA,154,447,0
"490",0.00635277895129238,0.0178664808116743,0.00103152175060914,9.75890895697197e-05,0.000274841836482489,1.58680008277736e-05,0.46,0.06,NA,180,447,0
"491",0.00175857392236946,0.00526659438933747,0.000304066968839656,3.17451165431637e-05,9.52004414630802e-05,5.49640005056805e-06,0.46,0.07,NA,216,447,0
"492",0.0162973111695358,0.0516300147434079,0.00298086029103709,0.000338670375356986,0.00107432073835639,6.20259367486058e-05,0.46,0.08,NA,270,398,0
"493",0.00503899566914828,0.0167961768994211,0.000969727725423732,0.000118666315713274,0.000396033363156697,2.28649968826592e-05,0.46,0.09,NA,363,398,0
"494",0.00103624011058812,0.00361833532850044,0.000208904687592806,2.73143850475658e-05,9.54852592436253e-05,5.51284401279483e-06,0.46,0.1,NA,563,398,0
"495",0.00584438252117095,0.0213002914256721,0.00122977289884293,0.000170715716490765,0.000622826867500916,3.59589259610186e-05,0.46,0.11,NA,671,349,0
"496",0.00116056536838541,0.00440110843668815,0.000254098114065464,3.72583131865697e-05,0.000141417958803473,8.16476965834324e-06,0.46,0.12,NA,408,349,0
"497",0.00043092200917375,0.00169583423036594,9.79090349402755e-05,1.50996064678529e-05,5.94667267666741e-05,3.43331307065652e-06,0.46,0.13,NA,294,349,0
"498",0.000194731600274342,0.000793434487969462,4.58089615213502e-05,7.40389604586981e-06,3.01846906909521e-05,1.74271392958268e-06,0.46,0.14,NA,232,349,0
"499",9.56194508326156e-05,0.000402562174729449,2.32419379945608e-05,3.92488424889474e-06,1.65305568359532e-05,9.54392143909199e-07,0.46,0.15,NA,193,349,0
"500",5.11982736404816e-05,0.000222320299552334,1.28356684792858e-05,2.25881023074086e-06,9.81057342390379e-06,5.66413720719544e-07,0.46,0.16,NA,165,349,0
"501",2.75280647365251e-05,0.000123096983012579,7.10700762787433e-06,1.30036744149988e-06,5.81488560500926e-06,3.35722576935898e-07,0.46,0.17,NA,145,349,0
"502",1.47983469364736e-05,6.80481124354614e-05,3.92875960324596e-06,7.45910192419586e-07,3.42926982035092e-06,1.97988985390346e-07,0.46,0.18,NA,130,349,0
"503",8.6099231986617e-06,4.06610045049997e-05,2.34756418964822e-06,4.61674351068561e-07,2.17937930636816e-06,1.25826522919796e-07,0.46,0.19,NA,117,349,0
"504",4.86720255462785e-06,2.35793483372604e-05,1.36135431098333e-06,2.76883713008698e-07,1.34051580010778e-06,7.73947158045175e-08,0.46,0.2,NA,107,349,0
"505",0.172517036347184,0.289198974259958,0.016696910563835,0,0,0,0.48,0,NA,101,545,0
"506",0.142596744748113,0.278856700441043,0.0160997991064967,0.000352635838727411,0.000690058562505508,3.98405496819161e-05,0.48,0.01,NA,101,496,0
"507",0.0334224040006357,0.0735803925733963,0.00424816594593287,0.000166455215631995,0.000366573852556546,2.116415124514e-05,0.48,0.02,NA,101,496,0
"508",0.0719655348371129,0.174497786553321,0.0100746344039554,0.000541378340944007,0.00131259696014156,7.57828208275216e-05,0.48,0.03,NA,116,447,0
"509",0.0225174930915112,0.0592260089565374,0.0034194152214084,0.000227436444484836,0.000597884518521319,3.45188787712593e-05,0.48,0.04,NA,133,447,0
"510",0.00683907233156258,0.0193017695482972,0.00111438818445455,8.69520829829835e-05,0.000245146837020215,1.41535592344607e-05,0.48,0.05,NA,154,447,0
"511",0.00199827566086772,0.00600174466624759,0.000346510889866545,3.07014894383458e-05,9.20655130812612e-05,5.31540487605472e-06,0.48,0.06,NA,180,447,0
"512",0.0203630809869726,0.0646677289154034,0.00373359306971899,0.000367573212555076,0.00116483961821372,6.72520467138434e-05,0.48,0.07,NA,216,398,0
"513",0.00733585568443943,0.0245036091032536,0.00141471653118808,0.000152404426298982,0.000507709707310092,2.93126336185667e-05,0.48,0.08,NA,270,398,0
"514",0.00226815878242716,0.00793468357357809,0.000458109169713981,5.3387178055902e-05,0.000186163948774022,1.07481805938085e-05,0.48,0.09,NA,363,398,0
"515",0.000466482502317362,0.00170298421153504,9.83218392955437e-05,1.22865751395121e-05,4.46868434343327e-05,2.57999610860466e-06,0.48,0.1,NA,563,398,0
"516",0.00377312907411025,0.014330919149634,0.000827396002877593,0.000110097129633794,0.000416393185471367,2.4040471772062e-05,0.48,0.11,NA,671,349,0
"517",0.000752828805245848,0.00296702750812296,0.000171301413050782,2.41355120098237e-05,9.46741173342529e-05,5.46601271282211e-06,0.48,0.12,NA,408,349,0
"518",0.000280759619833073,0.00114557367746695,6.61397271062095e-05,9.82127836550452e-06,3.98670882132848e-05,2.30172741117465e-06,0.48,0.13,NA,294,349,0
"519",0.000127373700640487,0.000536983507767723,3.10027572760084e-05,4.83307192827164e-06,2.02622084861613e-05,1.16983915238615e-06,0.48,0.14,NA,232,349,0
"520",6.27655931545999e-05,0.000272913663937619,1.57566777339912e-05,2.57021465051703e-06,1.11095281450484e-05,6.41408906511344e-07,0.48,0.15,NA,193,349,0
"521",3.37143309679973e-05,0.000150957224596107,8.71551942566809e-06,1.48336786155251e-06,6.60035208511562e-06,3.81071505308781e-07,0.48,0.16,NA,165,349,0
"522",1.81799375737619e-05,8.37049883317671e-05,4.83270975458602e-06,8.56113748822695e-07,3.91598821444828e-06,2.26089684975512e-07,0.48,0.17,NA,145,349,0
"523",9.79895381709673e-06,4.63342760224625e-05,2.67511067342751e-06,4.92195201473925e-07,2.3115231944403e-06,1.33455853854817e-07,0.48,0.18,NA,130,349,0
"524",5.71509517521274e-06,2.77208020293691e-05,1.60046125138086e-06,3.05265385523797e-07,1.47027900576304e-06,8.48865979761148e-08,0.48,0.19,NA,117,349,0
"525",3.23803320384894e-06,1.60940044437483e-05,9.29187779793709e-07,1.83420807670135e-07,9.05078873772576e-07,5.2254753141044e-08,0.48,0.2,NA,107,349,0
"526",0.164623736479962,0.326678452573793,0.018860789253193,0,0,0,0.5,0,NA,101,488,0
"527",0.110643646183598,0.245625751646236,0.0141812093832859,0.000259340691692682,0.000575732333002546,3.32399217440191e-05,0.5,0.01,NA,101,464,0
"528",0.0797034358385434,0.194019214269544,0.0112017045586481,0.000376103940497841,0.000915540702790373,5.28587671210081e-05,0.5,0.02,NA,101,445,0
"529",0.06187863024332,0.162890787169491,0.00940450398208158,0.000440898542208043,0.0011606367006613,6.70093911558158e-05,0.5,0.03,NA,116,429,0
"530",0.0486746539849205,0.137157407941317,0.00791878663962708,0.000465515941705958,0.00131175440176286,7.57341756968465e-05,0.5,0.04,NA,133,416,0
"531",0.038863646493717,0.116314727716147,0.00671543393576358,0.000467734704745896,0.00139988428984946,8.08223571578912e-05,0.5,0.05,NA,154,405,0
"532",0.0300213746790356,0.0948467402093176,0.0054759790991608,0.000436517528918675,0.00137909660482726,7.96221796035518e-05,0.5,0.06,NA,180,396,0
"533",0.0249165156471317,0.0826831530679509,0.00477371406812285,0.000425558347562517,0.00141217943880601,8.15322179138702e-05,0.5,0.07,NA,216,387,0
"534",0.0215935280551705,0.0749555391500335,0.00432756007055254,0.000424386411792525,0.0014731351047458,8.50514949277673e-05,0.5,0.08,NA,270,378,0
"535",0.0182176349108597,0.0659204456373133,0.00380591870338029,0.000405580236806099,0.00146759361563178,8.47315569045983e-05,0.5,0.09,NA,363,369,0
"536",0.0157094895704037,0.059082533402438,0.00341113165643027,0.000391308658766732,0.0014716932989194,8.49682522295683e-05,0.5,0.1,NA,563,357,0
"537",0.0138049504212043,0.0538267470989326,0.00310768869271707,0.00038090878783068,0.00148520035006384,8.57480821909886e-05,0.5,0.11,NA,671,334,0
"538",0.0123472117491555,0.0498010114311203,0.00287526273556729,0.000374283706337873,0.00150963138605714,8.71586087117197e-05,0.5,0.12,NA,408,322,0
"539",0.0104349571276147,0.0434531927765637,0.00250877125466977,0.000345114752798247,0.00143712716637097,8.29725756364002e-05,0.5,0.13,NA,294,317,0
"540",0.00891255338258854,0.0382514452772702,0.00220844822277242,0.000319712969758229,0.00137216566013124,7.9222021324953e-05,0.5,0.14,NA,232,314,0
"541",0.00754470008687483,0.0333223881516694,0.00192386897694075,0.000292069365548396,0.00128997314367671,7.44766341749136e-05,0.5,0.15,NA,193,312,0
"542",0.00718022759280806,0.0325899411639507,0.0018815811303881,0.000298645704581493,0.00135550823926853,7.82603046830444e-05,0.5,0.16,NA,165,310,0
"543",0.00608484125096024,0.0283469340532552,0.00163661100063475,0.000270872026091569,0.00126188989306588,7.28552469449257e-05,0.5,0.17,NA,145,309,0
"544",0.0061425176561864,0.0293377275515545,0.00169381448993019,0.000291659506115218,0.00139301785971076,8.04259236289965e-05,0.5,0.18,NA,130,307,0
"545",0.00497025993934582,0.0243128757294832,0.00140370453471911,0.000250959871622963,0.00122761426466562,7.08763426165723e-05,0.5,0.19,NA,117,307,0
"546",0.00465804999027478,0.0233148075203797,0.00134608103979955,0.00024942733346481,0.00124845283163051,7.20794578412424e-05,0.5,0.2,NA,107,306,0
